{
  "team_xgs": 1.7528885068175013,
  "other_xgs": 26.95301760574892,
  "team_goals": 2,
  "other_goals": 16,
  "team_attempts": 22,
  "other_attempts": 310,
  "team_seconds": 9790.0,
  "other_seconds": 9790.0,
  "team_xg_per60": 0.6445759575631261,
  "other_xg_per60": 9.911222000071104,
  "n_games": 28,
  "game_ongoing": false,
  "time_remaining": null,
  "off_percentile": 50.0,
  "def_percentile": 3.125,
  "home_goals": 2,
  "away_goals": 16,
  "home_xg": 1.7528885068175013,
  "away_xg": 26.95301760574892,
  "home_attempts": 22,
  "away_attempts": 310,
  "have_xg": true,
  "home_shot_pct": 6.626506024096385,
  "away_shot_pct": 93.37349397590361,
  "rel_off_pct": -9.547831633356736,
  "rel_def_pct": 37.00407723259255
}