{
  "team_xgs": 3.462702680438686,
  "other_xgs": 17.262777458690643,
  "team_goals": 3,
  "other_goals": 21,
  "team_attempts": 36,
  "other_attempts": 198,
  "team_seconds": 8032.0,
  "other_seconds": 8032.0,
  "team_xg_per60": 1.5520081735033953,
  "other_xg_per60": 7.737300653795607,
  "n_games": 26,
  "game_ongoing": false,
  "time_remaining": null,
  "off_percentile": 100.0,
  "def_percentile": 50.0,
  "home_goals": 3,
  "away_goals": 21,
  "home_xg": 3.462702680438686,
  "away_xg": 17.262777458690643,
  "home_attempts": 36,
  "away_attempts": 198,
  "have_xg": true,
  "home_shot_pct": 15.384615384615385,
  "away_shot_pct": 84.61538461538461,
  "rel_off_pct": 113.87632442510451,
  "rel_def_pct": 6.468130780123451
}