{
  "season": "20252026",
  "total_left_seconds": 272948.0,
  "total_left_xg": 53.88434289429718,
  "xg_per60": 0.7106981345145225,
  "xg_per60_right": 7.166597451742911
}