{
  "team_xgs": 1.7448498224991327,
  "other_xgs": 12.734240079351014,
  "team_goals": 1,
  "other_goals": 11,
  "team_attempts": 23,
  "other_attempts": 151,
  "team_seconds": 6308.0,
  "other_seconds": 6308.0,
  "team_xg_per60": 0.995792542960824,
  "other_xg_per60": 7.267480070650547,
  "n_games": 26,
  "game_ongoing": false,
  "time_remaining": null,
  "off_percentile": 71.875,
  "def_percentile": 53.125,
  "home_goals": 1,
  "away_goals": 11,
  "home_xg": 1.7448498224991327,
  "away_xg": 12.734240079351014,
  "home_attempts": 23,
  "away_attempts": 151,
  "have_xg": true,
  "home_shot_pct": 13.218390804597702,
  "away_shot_pct": 86.7816091954023,
  "rel_off_pct": 39.96717175352546,
  "rel_def_pct": 1.04405850472876
}