{
  "team_xgs": 0.47293325067034025,
  "other_xgs": 17.208841331100952,
  "team_goals": 0,
  "other_goals": 14,
  "team_attempts": 19,
  "other_attempts": 203,
  "team_seconds": 7031.0,
  "other_seconds": 7031.0,
  "team_xg_per60": 0.24215043413642795,
  "other_xg_per60": 8.811240050058801,
  "n_games": 27,
  "game_ongoing": false,
  "time_remaining": null,
  "off_percentile": 12.5,
  "def_percentile": 15.625,
  "home_goals": 0,
  "away_goals": 14,
  "home_xg": 0.47293325067034025,
  "away_xg": 17.208841331100952,
  "home_attempts": 19,
  "away_attempts": 203,
  "have_xg": true,
  "home_shot_pct": 8.558558558558559,
  "away_shot_pct": 91.44144144144144,
  "rel_off_pct": -65.98949014787752,
  "rel_def_pct": 22.037181976613333
}