{
  "team_xgs": 0.6011858044548863,
  "other_xgs": 11.48168557380722,
  "team_goals": 2,
  "other_goals": 14,
  "team_attempts": 20,
  "other_attempts": 131,
  "team_seconds": 12834.0,
  "other_seconds": 12834.0,
  "team_xg_per60": 0.1686355692720579,
  "other_xg_per60": 3.2206691651633155,
  "n_games": 25,
  "game_ongoing": false,
  "time_remaining": null,
  "off_percentile": 6.25,
  "def_percentile": 96.875,
  "home_goals": 2,
  "away_goals": 14,
  "home_xg": 0.6011858044548863,
  "away_xg": 11.48168557380722,
  "home_attempts": 20,
  "away_attempts": 131,
  "have_xg": true,
  "home_shot_pct": 13.245033112582782,
  "away_shot_pct": 86.75496688741723,
  "rel_off_pct": -76.37789182322403,
  "rel_def_pct": -55.36135311374228
}