{
  "team_xgs": 2.508003002754001,
  "other_xgs": 19.701589674967444,
  "team_goals": 5,
  "other_goals": 12,
  "team_attempts": 32,
  "other_attempts": 211,
  "team_seconds": 7231.0,
  "other_seconds": 7231.0,
  "team_xg_per60": 1.2486254750261931,
  "other_xg_per60": 9.808563522318185,
  "n_games": 26,
  "game_ongoing": false,
  "time_remaining": null,
  "off_percentile": 90.625,
  "def_percentile": 6.25,
  "home_goals": 5,
  "away_goals": 12,
  "home_xg": 2.508003002754001,
  "away_xg": 19.701589674967444,
  "home_attempts": 32,
  "away_attempts": 211,
  "have_xg": true,
  "home_shot_pct": 13.168724279835391,
  "away_shot_pct": 86.83127572016461,
  "rel_off_pct": 75.55519784739367,
  "rel_def_pct": 36.11266785737286
}