{
  "team_xgs": 1.1521640823920882,
  "other_xgs": 20.726978547422114,
  "team_goals": 2,
  "other_goals": 16,
  "team_attempts": 25,
  "other_attempts": 214,
  "team_seconds": 11132.0,
  "other_seconds": 11132.0,
  "team_xg_per60": 0.3726006734289901,
  "other_xg_per60": 6.70293952306141,
  "n_games": 27,
  "game_ongoing": false,
  "time_remaining": null,
  "off_percentile": 21.875,
  "def_percentile": 68.75,
  "home_goals": 2,
  "away_goals": 16,
  "home_xg": 1.1521640823920882,
  "away_xg": 20.726978547422114,
  "home_attempts": 25,
  "away_attempts": 214,
  "have_xg": true,
  "home_shot_pct": 10.460251046025105,
  "away_shot_pct": 89.5397489539749,
  "rel_off_pct": -47.73329989650099,
  "rel_def_pct": -7.205973569313587
}