{
  "team_xgs": 2.1594031646489094,
  "other_xgs": 16.194825728060003,
  "team_goals": 1,
  "other_goals": 8,
  "team_attempts": 31,
  "other_attempts": 197,
  "team_seconds": 8038.0,
  "other_seconds": 8038.0,
  "team_xg_per60": 0.9671375208678867,
  "other_xg_per60": 7.253218788382186,
  "n_games": 26,
  "game_ongoing": false,
  "time_remaining": null,
  "off_percentile": 68.75,
  "def_percentile": 56.25,
  "home_goals": 1,
  "away_goals": 8,
  "home_xg": 2.1594031646489094,
  "away_xg": 16.194825728060003,
  "home_attempts": 31,
  "away_attempts": 197,
  "have_xg": true,
  "home_shot_pct": 13.596491228070175,
  "away_shot_pct": 86.40350877192982,
  "rel_off_pct": 35.96189006921818,
  "rel_def_pct": 0.6621287457342634
}