{
  "team_xgs": 2.9362709222251335,
  "other_xgs": 17.328757005303817,
  "team_goals": 2,
  "other_goals": 10,
  "team_attempts": 38,
  "other_attempts": 217,
  "team_seconds": 7844.0,
  "other_seconds": 7844.0,
  "team_xg_per60": 1.3476001172884344,
  "other_xg_per60": 7.953024632724851,
  "n_games": 24,
  "game_ongoing": false,
  "time_remaining": null,
  "off_percentile": 96.875,
  "def_percentile": 40.625,
  "home_goals": 2,
  "away_goals": 10,
  "home_xg": 2.9362709222251335,
  "away_xg": 17.328757005303817,
  "home_attempts": 38,
  "away_attempts": 217,
  "have_xg": true,
  "home_shot_pct": 14.901960784313726,
  "away_shot_pct": 85.09803921568627,
  "rel_off_pct": 89.22084532886232,
  "rel_def_pct": 10.361694593775553
}