{
  "team_xgs": 1.2055868499021476,
  "other_xgs": 14.135200645544762,
  "team_goals": 1,
  "other_goals": 13,
  "team_attempts": 20,
  "other_attempts": 139,
  "team_seconds": 10220.0,
  "other_seconds": 10220.0,
  "team_xg_per60": 0.42466855769547274,
  "other_xg_per60": 4.979131342853341,
  "n_games": 23,
  "game_ongoing": false,
  "time_remaining": null,
  "off_percentile": 28.125,
  "def_percentile": 87.5,
  "home_goals": 1,
  "away_goals": 13,
  "home_xg": 1.2055868499021476,
  "away_xg": 14.135200645544762,
  "home_attempts": 20,
  "away_attempts": 139,
  "have_xg": true,
  "home_shot_pct": 12.578616352201259,
  "away_shot_pct": 87.42138364779875,
  "rel_off_pct": -40.24712963219137,
  "rel_def_pct": -30.862046877817118
}