{
  "team_xgs": 1.7786695346757257,
  "other_xgs": 16.349064676272864,
  "team_goals": 2,
  "other_goals": 15,
  "team_attempts": 21,
  "other_attempts": 187,
  "team_seconds": 10047.0,
  "other_seconds": 10047.0,
  "team_xg_per60": 0.6373256021531415,
  "other_xg_per60": 5.858130072119271,
  "n_games": 25,
  "game_ongoing": false,
  "time_remaining": null,
  "off_percentile": 46.875,
  "def_percentile": 84.375,
  "home_goals": 2,
  "away_goals": 15,
  "home_xg": 1.7786695346757257,
  "away_xg": 16.349064676272864,
  "home_attempts": 21,
  "away_attempts": 187,
  "have_xg": true,
  "home_shot_pct": 10.096153846153847,
  "away_shot_pct": 89.90384615384616,
  "rel_off_pct": -10.336880243534557,
  "rel_def_pct": -18.99029547569177
}