{
  "team_xgs": 1.1817905653799716,
  "other_xgs": 18.0886315347435,
  "team_goals": 2,
  "other_goals": 12,
  "team_attempts": 20,
  "other_attempts": 222,
  "team_seconds": 9326.0,
  "other_seconds": 9326.0,
  "team_xg_per60": 0.45619194031395,
  "other_xg_per60": 6.9825298654381935,
  "n_games": 26,
  "game_ongoing": false,
  "time_remaining": null,
  "off_percentile": 31.25,
  "def_percentile": 59.375,
  "home_goals": 2,
  "away_goals": 12,
  "home_xg": 1.1817905653799716,
  "away_xg": 18.0886315347435,
  "home_attempts": 20,
  "away_attempts": 222,
  "have_xg": true,
  "home_shot_pct": 8.264462809917354,
  "away_shot_pct": 91.73553719008264,
  "rel_off_pct": -35.836297632332155,
  "rel_def_pct": -3.4692683298108498
}