{
  "team_xgs": 0.9199370123364685,
  "other_xgs": 14.540559840492975,
  "team_goals": 1,
  "other_goals": 18,
  "team_attempts": 11,
  "other_attempts": 168,
  "team_seconds": 5978.0,
  "other_seconds": 5978.0,
  "team_xg_per60": 0.5539935169640827,
  "other_xg_per60": 8.75644286145445,
  "n_games": 24,
  "game_ongoing": false,
  "time_remaining": null,
  "off_percentile": 37.5,
  "def_percentile": 18.75,
  "home_goals": 1,
  "away_goals": 18,
  "home_xg": 0.9199370123364685,
  "away_xg": 14.540559840492975,
  "home_attempts": 11,
  "away_attempts": 168,
  "have_xg": true,
  "home_shot_pct": 6.145251396648045,
  "away_shot_pct": 93.85474860335195,
  "rel_off_pct": -22.24263534807137,
  "rel_def_pct": 21.59707370198694
}