{
  "team_xgs": 0.8407789478024769,
  "other_xgs": 14.073531194010103,
  "team_goals": 0,
  "other_goals": 13,
  "team_attempts": 22,
  "other_attempts": 163,
  "team_seconds": 7556.0,
  "other_seconds": 7556.0,
  "team_xg_per60": 0.40058287613670157,
  "other_xg_per60": 6.70522926130709,
  "n_games": 27,
  "game_ongoing": false,
  "time_remaining": null,
  "off_percentile": 25.0,
  "def_percentile": 65.625,
  "home_goals": 0,
  "away_goals": 13,
  "home_xg": 0.8407789478024769,
  "away_xg": 14.073531194010103,
  "home_attempts": 22,
  "away_attempts": 163,
  "have_xg": true,
  "home_shot_pct": 11.891891891891891,
  "away_shot_pct": 88.10810810810811,
  "rel_off_pct": -44.01596441727891,
  "rel_def_pct": -7.441347061409634
}