{
  "team_xgs": 2.3599100903889223,
  "other_xgs": 14.705341385080697,
  "team_goals": 3,
  "other_goals": 16,
  "team_attempts": 29,
  "other_attempts": 169,
  "team_seconds": 7811.0,
  "other_seconds": 7811.0,
  "team_xg_per60": 1.087655399487917,
  "other_xg_per60": 6.7775225945833455,
  "n_games": 26,
  "game_ongoing": false,
  "time_remaining": null,
  "off_percentile": 78.125,
  "def_percentile": 62.5,
  "home_goals": 3,
  "away_goals": 16,
  "home_xg": 2.3599100903889223,
  "away_xg": 14.705341385080697,
  "home_attempts": 29,
  "away_attempts": 169,
  "have_xg": true,
  "home_shot_pct": 14.646464646464647,
  "away_shot_pct": 85.35353535353535,
  "rel_off_pct": 52.431016795863464,
  "rel_def_pct": -5.878778230732622
}