{
  "team_xgs": 0.6575412309389863,
  "other_xgs": 16.553231091692897,
  "team_goals": 0,
  "other_goals": 16,
  "team_attempts": 15,
  "other_attempts": 176,
  "team_seconds": 7563.0,
  "other_seconds": 7563.0,
  "team_xg_per60": 0.3129906692291883,
  "other_xg_per60": 7.8793642641933666,
  "n_games": 26,
  "game_ongoing": false,
  "time_remaining": null,
  "off_percentile": 18.75,
  "def_percentile": 46.875,
  "home_goals": 0,
  "away_goals": 16,
  "home_xg": 0.6575412309389863,
  "away_xg": 16.553231091692897,
  "home_attempts": 15,
  "away_attempts": 176,
  "have_xg": true,
  "home_shot_pct": 7.853403141361256,
  "away_shot_pct": 92.14659685863874,
  "rel_off_pct": -55.965406737705514,
  "rel_def_pct": 8.18272706770103
}