{
  "team_xgs": 3.4560975323528993,
  "other_xgs": 21.689222132779605,
  "team_goals": 5,
  "other_goals": 24,
  "team_attempts": 36,
  "other_attempts": 212,
  "team_seconds": 9384.0,
  "other_seconds": 9384.0,
  "team_xg_per60": 1.3258686185497057,
  "other_xg_per60": 8.320673452472994,
  "n_games": 27,
  "game_ongoing": false,
  "time_remaining": null,
  "off_percentile": 93.75,
  "def_percentile": 31.25,
  "home_goals": 5,
  "away_goals": 24,
  "home_xg": 3.4560975323528993,
  "away_xg": 21.689222132779605,
  "home_attempts": 36,
  "away_attempts": 212,
  "have_xg": true,
  "home_shot_pct": 14.516129032258064,
  "away_shot_pct": 85.48387096774194,
  "rel_off_pct": 85.83957216702206,
  "rel_def_pct": 15.52340818455869
}