{
  "team_xgs": 0.20571547464324974,
  "other_xgs": 14.072621141306133,
  "team_goals": 2,
  "other_goals": 12,
  "team_attempts": 13,
  "other_attempts": 167,
  "team_seconds": 5938.0,
  "other_seconds": 5938.0,
  "team_xg_per60": 0.12471803784366774,
  "other_xg_per60": 8.531733935449996,
  "n_games": 25,
  "game_ongoing": false,
  "time_remaining": null,
  "off_percentile": 3.125,
  "def_percentile": 25.0,
  "home_goals": 2,
  "away_goals": 12,
  "home_xg": 0.20571547464324974,
  "away_xg": 14.072621141306133,
  "home_attempts": 13,
  "away_attempts": 167,
  "have_xg": true,
  "home_shot_pct": 7.222222222222222,
  "away_shot_pct": 92.77777777777777,
  "rel_off_pct": -82.47028737277739,
  "rel_def_pct": 18.155979687296707
}