{
  "team_xgs": 2.4347484762732035,
  "other_xgs": 13.214775787036652,
  "team_goals": 2,
  "other_goals": 14,
  "team_attempts": 42,
  "other_attempts": 148,
  "team_seconds": 7173.0,
  "other_seconds": 7173.0,
  "team_xg_per60": 1.221956575293954,
  "other_xg_per60": 6.632258864259299,
  "n_games": 25,
  "game_ongoing": false,
  "time_remaining": null,
  "off_percentile": 87.5,
  "def_percentile": 71.875,
  "home_goals": 2,
  "away_goals": 14,
  "home_xg": 2.4347484762732035,
  "away_xg": 13.214775787036652,
  "home_attempts": 42,
  "away_attempts": 148,
  "have_xg": true,
  "home_shot_pct": 22.105263157894736,
  "away_shot_pct": 77.89473684210526,
  "rel_off_pct": 70.79499087628473,
  "rel_def_pct": -7.985352158764723
}