{
  "team_xgs": 2.281095279694338,
  "other_xgs": 14.225407323631579,
  "team_goals": 1,
  "other_goals": 10,
  "team_attempts": 30,
  "other_attempts": 177,
  "team_seconds": 10958.0,
  "other_seconds": 10958.0,
  "team_xg_per60": 0.7494016250136536,
  "other_xg_per60": 4.673431863941749,
  "n_games": 24,
  "game_ongoing": false,
  "time_remaining": null,
  "off_percentile": 56.25,
  "def_percentile": 90.625,
  "home_goals": 1,
  "away_goals": 10,
  "home_xg": 2.281095279694338,
  "away_xg": 14.225407323631579,
  "home_attempts": 30,
  "away_attempts": 177,
  "have_xg": true,
  "home_shot_pct": 14.492753623188406,
  "away_shot_pct": 85.5072463768116,
  "rel_off_pct": 0.7814810322314837,
  "rel_def_pct": -35.68295482467729
}