{
  "team_xgs": 2.6703660797794027,
  "other_xgs": 23.437809178071497,
  "team_goals": 3,
  "other_goals": 17,
  "team_attempts": 36,
  "other_attempts": 253,
  "team_seconds": 8702.0,
  "other_seconds": 8702.0,
  "team_xg_per60": 1.1047251077000517,
  "other_xg_per60": 9.69617479212335,
  "n_games": 28,
  "game_ongoing": false,
  "time_remaining": null,
  "off_percentile": 81.25,
  "def_percentile": 9.375,
  "home_goals": 3,
  "away_goals": 17,
  "home_xg": 2.6703660797794027,
  "away_xg": 23.437809178071497,
  "home_attempts": 36,
  "away_attempts": 253,
  "have_xg": true,
  "home_shot_pct": 12.456747404844291,
  "away_shot_pct": 87.5432525951557,
  "rel_off_pct": 54.37838505884892,
  "rel_def_pct": 34.43817808537449
}