{
  "team_xgs": 1.5580840538454654,
  "other_xgs": 19.30594816359084,
  "team_goals": 0,
  "other_goals": 14,
  "team_attempts": 23,
  "other_attempts": 194,
  "team_seconds": 8574.0,
  "other_seconds": 8574.0,
  "team_xg_per60": 0.6541990429022249,
  "other_xg_per60": 8.106066408785518,
  "n_games": 26,
  "game_ongoing": false,
  "time_remaining": null,
  "off_percentile": 53.125,
  "def_percentile": 37.5,
  "home_goals": 0,
  "away_goals": 14,
  "home_xg": 1.5580840538454654,
  "away_xg": 19.30594816359084,
  "home_attempts": 23,
  "away_attempts": 194,
  "have_xg": true,
  "home_shot_pct": 10.599078341013826,
  "away_shot_pct": 89.40092165898618,
  "rel_off_pct": -8.059671697743,
  "rel_def_pct": 10.954710747216165
}