{
  "team_xgs": 0.5358166954005047,
  "other_xgs": 20.531538263915085,
  "team_goals": 1,
  "other_goals": 10,
  "team_attempts": 20,
  "other_attempts": 220,
  "team_seconds": 7451.0,
  "other_seconds": 7451.0,
  "team_xg_per60": 0.2588833852424932,
  "other_xg_per60": 9.919948698173977,
  "n_games": 25,
  "game_ongoing": false,
  "time_remaining": null,
  "off_percentile": 15.625,
  "def_percentile": 0.0,
  "home_goals": 1,
  "away_goals": 10,
  "home_xg": 0.5358166954005047,
  "away_xg": 20.531538263915085,
  "home_attempts": 20,
  "away_attempts": 220,
  "have_xg": true,
  "home_shot_pct": 8.333333333333334,
  "away_shot_pct": 91.66666666666667,
  "rel_off_pct": -64.03823063390327,
  "rel_def_pct": 37.27435805082021
}