{
  "team_xgs": 1.4521757220599116,
  "other_xgs": 17.784189432120243,
  "team_goals": 1,
  "other_goals": 15,
  "team_attempts": 29,
  "other_attempts": 180,
  "team_seconds": 10281.0,
  "other_seconds": 10281.0,
  "team_xg_per60": 0.5084945627288865,
  "other_xg_per60": 6.22732048979991,
  "n_games": 26,
  "game_ongoing": false,
  "time_remaining": null,
  "off_percentile": 34.375,
  "def_percentile": 78.125,
  "home_goals": 1,
  "away_goals": 15,
  "home_xg": 1.4521757220599116,
  "away_xg": 17.784189432120243,
  "home_attempts": 29,
  "away_attempts": 180,
  "have_xg": true,
  "home_shot_pct": 13.875598086124402,
  "away_shot_pct": 86.1244019138756,
  "rel_off_pct": -28.77284959841406,
  "rel_def_pct": -13.514084428812998
}