{
  "team_xgs": 0.5189751626393945,
  "other_xgs": 18.405123537002204,
  "team_goals": 0,
  "other_goals": 20,
  "team_attempts": 25,
  "other_attempts": 199,
  "team_seconds": 10948.0,
  "other_seconds": 10948.0,
  "team_xg_per60": 0.1706531408021392,
  "other_xg_per60": 6.0521049263069,
  "n_games": 26,
  "game_ongoing": false,
  "time_remaining": null,
  "off_percentile": 9.375,
  "def_percentile": 81.25,
  "home_goals": 0,
  "away_goals": 20,
  "home_xg": 0.5189751626393945,
  "away_xg": 18.405123537002204,
  "home_attempts": 25,
  "away_attempts": 199,
  "have_xg": true,
  "home_shot_pct": 11.160714285714286,
  "away_shot_pct": 88.83928571428571,
  "rel_off_pct": -76.03572230072942,
  "rel_def_pct": -16.00370716853777
}