{
  "team_xgs": 1.8850125298991725,
  "other_xgs": 16.302275352858985,
  "team_goals": 1,
  "other_goals": 12,
  "team_attempts": 22,
  "other_attempts": 190,
  "team_seconds": 7414.0,
  "other_seconds": 7414.0,
  "team_xg_per60": 0.9153014712216107,
  "other_xg_per60": 7.915860705461607,
  "n_games": 25,
  "game_ongoing": false,
  "time_remaining": null,
  "off_percentile": 62.5,
  "def_percentile": 43.75,
  "home_goals": 1,
  "away_goals": 12,
  "home_xg": 1.8850125298991725,
  "away_xg": 16.302275352858985,
  "home_attempts": 22,
  "away_attempts": 190,
  "have_xg": true,
  "home_shot_pct": 10.377358490566039,
  "away_shot_pct": 89.62264150943396,
  "rel_off_pct": 28.31718695410872,
  "rel_def_pct": 9.634739326450521
}