{
  "team_xgs": 2.23162901686064,
  "other_xgs": 16.899236355128423,
  "team_goals": 2,
  "other_goals": 15,
  "team_attempts": 25,
  "other_attempts": 185,
  "team_seconds": 7051.0,
  "other_seconds": 7051.0,
  "team_xg_per60": 1.1393936265350026,
  "other_xg_per60": 8.628173433337444,
  "n_games": 24,
  "game_ongoing": false,
  "time_remaining": null,
  "off_percentile": 84.375,
  "def_percentile": 21.875,
  "home_goals": 2,
  "away_goals": 15,
  "home_xg": 2.23162901686064,
  "away_xg": 16.899236355128423,
  "home_attempts": 25,
  "away_attempts": 185,
  "have_xg": true,
  "home_shot_pct": 11.904761904761905,
  "away_shot_pct": 88.0952380952381,
  "rel_off_pct": 60.062278167622296,
  "rel_def_pct": 19.5714464502841
}