{
  "team_xgs": 1.660419471328672,
  "other_xgs": 16.114636096806965,
  "team_goals": 3,
  "other_goals": 11,
  "team_attempts": 23,
  "other_attempts": 201,
  "team_seconds": 7008.0,
  "other_seconds": 7008.0,
  "team_xg_per60": 0.8529552078743178,
  "other_xg_per60": 8.27806648808577,
  "n_games": 26,
  "game_ongoing": false,
  "time_remaining": null,
  "off_percentile": 59.375,
  "def_percentile": 34.375,
  "home_goals": 3,
  "away_goals": 11,
  "home_xg": 1.660419471328672,
  "away_xg": 16.114636096806965,
  "home_attempts": 23,
  "away_attempts": 201,
  "have_xg": true,
  "home_shot_pct": 10.267857142857142,
  "away_shot_pct": 89.73214285714286,
  "rel_off_pct": 19.926150074229014,
  "rel_def_pct": 14.832623797232673
}