{
  "team_xgs": 2.0419303624116276,
  "other_xgs": 12.471424309270986,
  "team_goals": 1,
  "other_goals": 18,
  "team_attempts": 15,
  "other_attempts": 144,
  "team_seconds": 7091.0,
  "other_seconds": 7091.0,
  "team_xg_per60": 1.0366590473391424,
  "other_xg_per60": 6.331565013873297,
  "n_games": 26,
  "game_ongoing": false,
  "time_remaining": null,
  "off_percentile": 75.0,
  "def_percentile": 75.0,
  "home_goals": 1,
  "away_goals": 18,
  "home_xg": 2.0419303624116276,
  "away_xg": 12.471424309270986,
  "home_attempts": 15,
  "away_attempts": 144,
  "have_xg": true,
  "home_shot_pct": 9.433962264150944,
  "away_shot_pct": 90.56603773584905,
  "rel_off_pct": 45.29233516735039,
  "rel_def_pct": -12.220788362454945
}