{
  "team_xgs": 1.8900228817271654,
  "other_xgs": 13.461733637216255,
  "team_goals": 4,
  "other_goals": 13,
  "team_attempts": 30,
  "other_attempts": 142,
  "team_seconds": 10905.0,
  "other_seconds": 10905.0,
  "team_xg_per60": 0.6239415290433559,
  "other_xg_per60": 4.4440386147619,
  "n_games": 25,
  "game_ongoing": false,
  "time_remaining": null,
  "off_percentile": 40.625,
  "def_percentile": 93.75,
  "home_goals": 4,
  "away_goals": 13,
  "home_xg": 1.8900228817271654,
  "away_xg": 13.461733637216255,
  "home_attempts": 30,
  "away_attempts": 142,
  "have_xg": true,
  "home_shot_pct": 17.441860465116278,
  "away_shot_pct": 82.55813953488372,
  "rel_off_pct": -12.36283083081814,
  "rel_def_pct": -38.54904687703628
}