{
  "team_xgs": 1.7579932527026338,
  "other_xgs": 23.23058698850448,
  "team_goals": 1,
  "other_goals": 17,
  "team_attempts": 30,
  "other_attempts": 251,
  "team_seconds": 9962.0,
  "other_seconds": 9962.0,
  "team_xg_per60": 0.6352916793544953,
  "other_xg_per60": 8.394911981390898,
  "n_games": 28,
  "game_ongoing": false,
  "time_remaining": null,
  "off_percentile": 43.75,
  "def_percentile": 28.125,
  "home_goals": 1,
  "away_goals": 17,
  "home_xg": 1.7579932527026338,
  "away_xg": 23.23058698850448,
  "home_attempts": 30,
  "away_attempts": 251,
  "have_xg": true,
  "home_shot_pct": 10.676156583629894,
  "away_shot_pct": 89.32384341637011,
  "rel_off_pct": -11.139692734341772,
  "rel_def_pct": 16.51576266103423
}