{
  "team_xgs": 1.887218851273467,
  "other_xgs": 18.439934300625993,
  "team_goals": 3,
  "other_goals": 12,
  "team_attempts": 24,
  "other_attempts": 235,
  "team_seconds": 7367.0,
  "other_seconds": 7367.0,
  "team_xg_per60": 0.9222190667279057,
  "other_xg_per60": 9.010962872574124,
  "n_games": 26,
  "game_ongoing": false,
  "time_remaining": null,
  "off_percentile": 65.625,
  "def_percentile": 12.5,
  "home_goals": 3,
  "away_goals": 12,
  "home_xg": 1.887218851273467,
  "away_xg": 18.439934300625993,
  "home_attempts": 24,
  "away_attempts": 235,
  "have_xg": true,
  "home_shot_pct": 9.266409266409266,
  "away_shot_pct": 90.73359073359073,
  "rel_off_pct": 29.36789966165025,
  "rel_def_pct": 24.935982461452213
}