team,team_xg_per60,league_avg_xg_per60,relative_off_per60,other_xg_per60,relative_def_per60,rel_off_pct,rel_def_pct,team_xgs,team_seconds
VAN,1.3258686185497057,0.7606095292776017,0.5601488433031937,8.320673452472994,7.518488097843541,73.64473119804349,988.4819751054548,3.4560975323528993,9384.0
PHI,0.9153014712216104,0.7606095292776017,0.15133832466676111,7.915860705461607,7.096470905516784,19.89697983543495,932.9978960764198,1.8850125298991722,7414.0
EDM,0.5084945627288865,0.7606095292776017,-0.25439950010567725,6.22732048979991,5.437487892163611,-33.446793698114234,714.8855862124068,1.4521757220599119,10281.0
TOR,0.25888338524249327,0.7606095292776017,-0.5050299052543372,9.919948698173977,9.077291116688919,-66.39805127527072,1193.4232700594991,0.5358166954005048,7451.0
