{
  "total_left_seconds": 34530.0,
  "total_left_xg": 7.295513068320998,
  "stats": {
    "season": "20252026",
    "total_left_seconds": 34530.0,
    "total_left_xg": 7.295513068320998,
    "xg_per60": 0.7606095292776017,
    "n_teams": 4
  },
  "per_team": {
    "PHI": {
      "seconds": 7414.0,
      "out_path": null,
      "df_filtered_shape": [
        371,
        26
      ],
      "summary_stats": {
        "team_xgs": 1.8850125298991725,
        "other_xgs": 16.302275352858985,
        "team_goals": 1,
        "other_goals": 12,
        "team_seconds": 7414.0,
        "other_seconds": 7414.0,
        "team_xg_per60": 0.9153014712216107,
        "other_xg_per60": 7.915860705461607,
        "n_games": 25,
        "game_ongoing": false,
        "time_remaining": null
      }
    },
    "EDM": {
      "seconds": 10281.0,
      "out_path": null,
      "df_filtered_shape": [
        331,
        26
      ],
      "summary_stats": {
        "team_xgs": 1.4521757220599116,
        "other_xgs": 17.784189432120243,
        "team_goals": 1,
        "other_goals": 15,
        "team_seconds": 10281.0,
        "other_seconds": 10281.0,
        "team_xg_per60": 0.5084945627288865,
        "other_xg_per60": 6.22732048979991,
        "n_games": 26,
        "game_ongoing": false,
        "time_remaining": null
      }
    },
    "TOR": {
      "seconds": 7451.0,
      "out_path": null,
      "df_filtered_shape": [
        389,
        26
      ],
      "summary_stats": {
        "team_xgs": 0.5358166954005048,
        "other_xgs": 20.53153826391509,
        "team_goals": 1,
        "other_goals": 10,
        "team_seconds": 7451.0,
        "other_seconds": 7451.0,
        "team_xg_per60": 0.25888338524249327,
        "other_xg_per60": 9.919948698173979,
        "n_games": 25,
        "game_ongoing": false,
        "time_remaining": null
      }
    },
    "VAN": {
      "seconds": 9384.0,
      "out_path": null,
      "df_filtered_shape": [
        469,
        26
      ],
      "summary_stats": {
        "team_xgs": 3.4560975323528993,
        "other_xgs": 21.689222132779605,
        "team_goals": 5,
        "other_goals": 24,
        "team_seconds": 9384.0,
        "other_seconds": 9384.0,
        "team_xg_per60": 1.3258686185497057,
        "other_xg_per60": 8.320673452472994,
        "n_games": 27,
        "game_ongoing": false,
        "time_remaining": null
      }
    }
  }
}