{
  "team_xgs": 53.43569259677629,
  "other_xgs": 48.815598155303825,
  "team_goals": 55,
  "other_goals": 57,
  "team_attempts": 1122,
  "other_attempts": 1037,
  "team_seconds": 75264.0,
  "other_seconds": 75264.0,
  "team_xg_per60": 2.5559164188509067,
  "other_xg_per60": 2.3349297587039457,
  "n_games": 26,
  "game_ongoing": false,
  "time_remaining": null,
  "off_percentile": 50.0,
  "def_percentile": 87.5,
  "home_goals": 55,
  "away_goals": 57,
  "home_xg": 53.43569259677629,
  "away_xg": 48.815598155303825,
  "home_attempts": 1122,
  "away_attempts": 1037,
  "have_xg": true,
  "home_shot_pct": 51.968503937007874,
  "away_shot_pct": 48.031496062992126,
  "rel_off_pct": -1.4817759663949488,
  "rel_def_pct": -10.036381840995302
}