{
  "team_xgs": 53.90927723062079,
  "other_xgs": 45.02591285562387,
  "team_goals": 48,
  "other_goals": 49,
  "team_attempts": 1125,
  "other_attempts": 1024,
  "team_seconds": 69235.0,
  "other_seconds": 69235.0,
  "team_xg_per60": 2.8031111147574905,
  "other_xg_per60": 2.3412043948905312,
  "n_games": 26,
  "game_ongoing": false,
  "time_remaining": null,
  "off_percentile": 90.625,
  "def_percentile": 84.375,
  "home_goals": 48,
  "away_goals": 49,
  "home_xg": 53.90927723062079,
  "away_xg": 45.02591285562387,
  "home_attempts": 1125,
  "away_attempts": 1024,
  "have_xg": true,
  "home_shot_pct": 52.34993020009307,
  "away_shot_pct": 47.65006979990693,
  "rel_off_pct": 8.021163814586487,
  "rel_def_pct": -9.83188009783695
}