{
  "team_xgs": 55.39674053647161,
  "other_xgs": 61.335092047953566,
  "team_goals": 58,
  "other_goals": 52,
  "team_attempts": 1225,
  "other_attempts": 1194,
  "team_seconds": 73373.0,
  "other_seconds": 73373.0,
  "team_xg_per60": 2.718006159367857,
  "other_xg_per60": 3.0093676334977832,
  "n_games": 26,
  "game_ongoing": false,
  "time_remaining": null,
  "off_percentile": 71.875,
  "def_percentile": 3.125,
  "home_goals": 58,
  "away_goals": 52,
  "home_xg": 55.39674053647161,
  "away_xg": 61.335092047953566,
  "home_attempts": 1225,
  "away_attempts": 1194,
  "have_xg": true,
  "home_shot_pct": 50.640760644894584,
  "away_shot_pct": 49.359239355105416,
  "rel_off_pct": 4.225065268247704,
  "rel_def_pct": 16.16397514135516
}