{
  "team_xgs": 59.124643790753666,
  "other_xgs": 57.53170085398563,
  "team_goals": 46,
  "other_goals": 62,
  "team_attempts": 1307,
  "other_attempts": 1113,
  "team_seconds": 76082.0,
  "other_seconds": 76082.0,
  "team_xg_per60": 2.7976225341961722,
  "other_xg_per60": 2.722248666890306,
  "n_games": 27,
  "game_ongoing": false,
  "time_remaining": null,
  "off_percentile": 87.5,
  "def_percentile": 34.375,
  "home_goals": 46,
  "away_goals": 62,
  "home_xg": 59.124643790753666,
  "away_xg": 57.53170085398563,
  "home_attempts": 1307,
  "away_attempts": 1113,
  "have_xg": true,
  "home_shot_pct": 54.00826446280992,
  "away_shot_pct": 45.99173553719008,
  "rel_off_pct": 7.590872216367736,
  "rel_def_pct": 5.2188141108062105
}