{
  "team_xgs": 54.789458478552945,
  "other_xgs": 59.83881224571341,
  "team_goals": 46,
  "other_goals": 45,
  "team_attempts": 1058,
  "other_attempts": 1168,
  "team_seconds": 72877.0,
  "other_seconds": 72877.0,
  "team_xg_per60": 2.7065061751003827,
  "other_xg_per60": 2.9559356735948006,
  "n_games": 25,
  "game_ongoing": false,
  "time_remaining": null,
  "off_percentile": 65.625,
  "def_percentile": 6.25,
  "home_goals": 46,
  "away_goals": 45,
  "home_xg": 54.789458478552945,
  "away_xg": 59.83881224571341,
  "home_attempts": 1058,
  "away_attempts": 1168,
  "have_xg": true,
  "home_shot_pct": 47.52920035938904,
  "away_shot_pct": 52.47079964061096,
  "rel_off_pct": 4.298965843949805,
  "rel_def_pct": 14.143987046619436
}