{
  "team_xgs": 53.04601762416215,
  "other_xgs": 60.38332954026037,
  "team_goals": 39,
  "other_goals": 43,
  "team_attempts": 1119,
  "other_attempts": 1270,
  "team_seconds": 75447.0,
  "other_seconds": 75447.0,
  "team_xg_per60": 2.53112335078908,
  "other_xg_per60": 2.881227700835518,
  "n_games": 26,
  "game_ongoing": false,
  "time_remaining": null,
  "off_percentile": 46.875,
  "def_percentile": 12.5,
  "home_goals": 39,
  "away_goals": 43,
  "home_xg": 53.04601762416215,
  "away_xg": 60.38332954026037,
  "home_attempts": 1119,
  "away_attempts": 1270,
  "have_xg": true,
  "home_shot_pct": 46.83968187526162,
  "away_shot_pct": 53.16031812473838,
  "rel_off_pct": -2.8549440913395654,
  "rel_def_pct": 10.820435514119872
}