{
  "team_xgs": 51.514837696763436,
  "other_xgs": 62.436577364818326,
  "team_goals": 48,
  "other_goals": 52,
  "team_attempts": 1179,
  "other_attempts": 1292,
  "team_seconds": 76946.0,
  "other_seconds": 76946.0,
  "team_xg_per60": 2.4101761717093595,
  "other_xg_per60": 2.921161314601746,
  "n_games": 28,
  "game_ongoing": false,
  "time_remaining": null,
  "off_percentile": 21.875,
  "def_percentile": 9.375,
  "home_goals": 48,
  "away_goals": 52,
  "home_xg": 51.514837696763436,
  "away_xg": 62.436577364818326,
  "home_attempts": 1179,
  "away_attempts": 1292,
  "have_xg": true,
  "home_shot_pct": 47.713476325374344,
  "away_shot_pct": 52.286523674625656,
  "rel_off_pct": -7.818791765587441,
  "rel_def_pct": 12.494706726228964
}