{
  "team_xgs": 49.697156944601744,
  "other_xgs": 57.373749988916344,
  "team_goals": 60,
  "other_goals": 64,
  "team_attempts": 1038,
  "other_attempts": 1222,
  "team_seconds": 73659.0,
  "other_seconds": 73659.0,
  "team_xg_per60": 2.428892124527434,
  "other_xg_per60": 2.8040768943387615,
  "n_games": 26,
  "game_ongoing": false,
  "time_remaining": null,
  "off_percentile": 28.125,
  "def_percentile": 15.625,
  "home_goals": 60,
  "away_goals": 64,
  "home_xg": 49.697156944601744,
  "away_xg": 57.373749988916344,
  "home_attempts": 1038,
  "away_attempts": 1222,
  "have_xg": true,
  "home_shot_pct": 45.92920353982301,
  "away_shot_pct": 54.07079646017699,
  "rel_off_pct": -6.3735009203990804,
  "rel_def_pct": 8.107402139778088
}