{
  "team_xgs": 62.91647457326662,
  "other_xgs": 50.57353937739287,
  "team_goals": 64,
  "other_goals": 37,
  "team_attempts": 1295,
  "other_attempts": 1095,
  "team_seconds": 70346.0,
  "other_seconds": 70346.0,
  "team_xg_per60": 3.2197894473567765,
  "other_xg_per60": 2.588132114954856,
  "n_games": 26,
  "game_ongoing": false,
  "time_remaining": null,
  "off_percentile": 100.0,
  "def_percentile": 50.0,
  "home_goals": 64,
  "away_goals": 37,
  "home_xg": 62.91647457326662,
  "away_xg": 50.57353937739287,
  "home_attempts": 1295,
  "away_attempts": 1095,
  "have_xg": true,
  "home_shot_pct": 54.18410041841004,
  "away_shot_pct": 45.81589958158996,
  "rel_off_pct": 24.332667032458975,
  "rel_def_pct": -1.1524351281813656
}