{
  "team_xgs": 46.66637865103277,
  "other_xgs": 52.06186466432823,
  "team_goals": 46,
  "other_goals": 51,
  "team_attempts": 941,
  "other_attempts": 1086,
  "team_seconds": 67324.0,
  "other_seconds": 67324.0,
  "team_xg_per60": 2.4953800003522963,
  "other_xg_per60": 2.7838915214720106,
  "n_games": 24,
  "game_ongoing": false,
  "time_remaining": null,
  "off_percentile": 34.375,
  "def_percentile": 28.125,
  "home_goals": 46,
  "away_goals": 51,
  "home_xg": 46.66637865103277,
  "away_xg": 52.06186466432823,
  "home_attempts": 941,
  "away_attempts": 1086,
  "have_xg": true,
  "home_shot_pct": 46.42328564380858,
  "away_shot_pct": 53.57671435619142,
  "rel_off_pct": -3.8539518480213864,
  "rel_def_pct": 6.775874230927833
}