{
  "team_xgs": 59.99722388913413,
  "other_xgs": 56.35533343787999,
  "team_goals": 52,
  "other_goals": 57,
  "team_attempts": 1264,
  "other_attempts": 1216,
  "team_seconds": 77494.0,
  "other_seconds": 77494.0,
  "team_xg_per60": 2.787183601322462,
  "other_xg_per60": 2.617998817668051,
  "n_games": 26,
  "game_ongoing": false,
  "time_remaining": null,
  "off_percentile": 84.375,
  "def_percentile": 43.75,
  "home_goals": 52,
  "away_goals": 57,
  "home_xg": 59.99722388913413,
  "away_xg": 56.35533343787999,
  "home_attempts": 1264,
  "away_attempts": 1216,
  "have_xg": true,
  "home_shot_pct": 50.96774193548387,
  "away_shot_pct": 49.03225806451613,
  "rel_off_pct": 6.77140517553583,
  "rel_def_pct": 1.2049452022460387
}