{
  "team_xgs": 55.98678212775998,
  "other_xgs": 58.56695231904325,
  "team_goals": 50,
  "other_goals": 64,
  "team_attempts": 1185,
  "other_attempts": 1153,
  "team_seconds": 80106.0,
  "other_seconds": 80106.0,
  "team_xg_per60": 2.516071401142685,
  "other_xg_per60": 2.6320254206745526,
  "n_games": 27,
  "game_ongoing": false,
  "time_remaining": null,
  "off_percentile": 43.75,
  "def_percentile": 40.625,
  "home_goals": 50,
  "away_goals": 64,
  "home_xg": 55.98678212775998,
  "away_xg": 58.56695231904325,
  "home_attempts": 1185,
  "away_attempts": 1153,
  "have_xg": true,
  "home_shot_pct": 50.68434559452523,
  "away_shot_pct": 49.31565440547477,
  "rel_off_pct": -3.1486478427143387,
  "rel_def_pct": 1.0836214089848641
}