{
  "team_xgs": 52.38813393729022,
  "other_xgs": 47.01216715042936,
  "team_goals": 53,
  "other_goals": 43,
  "team_attempts": 1040,
  "other_attempts": 1013,
  "team_seconds": 71728.0,
  "other_seconds": 71728.0,
  "team_xg_per60": 2.6293397581731655,
  "other_xg_per60": 2.3595221077061357,
  "n_games": 27,
  "game_ongoing": false,
  "time_remaining": null,
  "off_percentile": 56.25,
  "def_percentile": 81.25,
  "home_goals": 53,
  "away_goals": 43,
  "home_xg": 52.38813393729022,
  "away_xg": 47.01216715042936,
  "home_attempts": 1040,
  "away_attempts": 1013,
  "have_xg": true,
  "home_shot_pct": 50.65757428153921,
  "away_shot_pct": 49.34242571846079,
  "rel_off_pct": 1.3836102047744765,
  "rel_def_pct": -9.129972564743223
}