{
  "team_xgs": 50.59690311538062,
  "other_xgs": 64.16614942214731,
  "team_goals": 51,
  "other_goals": 54,
  "team_attempts": 1063,
  "other_attempts": 1257,
  "team_seconds": 75181.0,
  "other_seconds": 75181.0,
  "team_xg_per60": 2.422804315124436,
  "other_xg_per60": 3.0725600606500354,
  "n_games": 27,
  "game_ongoing": false,
  "time_remaining": null,
  "off_percentile": 25.0,
  "def_percentile": 0.0,
  "home_goals": 51,
  "away_goals": 54,
  "home_xg": 50.59690311538062,
  "away_xg": 64.16614942214731,
  "home_attempts": 1063,
  "away_attempts": 1257,
  "have_xg": true,
  "home_shot_pct": 45.81896551724138,
  "away_shot_pct": 54.18103448275862,
  "rel_off_pct": -6.878919421788171,
  "rel_def_pct": 18.504563944342912
}