{
  "team_xgs": 53.73409507818716,
  "other_xgs": 45.37696178357047,
  "team_goals": 38,
  "other_goals": 56,
  "team_attempts": 1111,
  "other_attempts": 946,
  "team_seconds": 70330.0,
  "other_seconds": 70330.0,
  "team_xg_per60": 2.7505010988408047,
  "other_xg_per60": 2.322722343535528,
  "n_games": 25,
  "game_ongoing": false,
  "time_remaining": null,
  "off_percentile": 78.125,
  "def_percentile": 90.625,
  "home_goals": 38,
  "away_goals": 56,
  "home_xg": 53.73409507818716,
  "away_xg": 45.37696178357047,
  "home_attempts": 1111,
  "away_attempts": 946,
  "have_xg": true,
  "home_shot_pct": 54.01069518716577,
  "away_shot_pct": 45.98930481283423,
  "rel_off_pct": 5.832886257138164,
  "rel_def_pct": -11.438344667558791
}