{
  "team_xgs": 62.61418497897613,
  "other_xgs": 43.6712542006783,
  "team_goals": 59,
  "other_goals": 44,
  "team_attempts": 1346,
  "other_attempts": 911,
  "team_seconds": 71356.0,
  "other_seconds": 71356.0,
  "team_xg_per60": 3.1589644308020914,
  "other_xg_per60": 2.20326973376369,
  "n_games": 25,
  "game_ongoing": false,
  "time_remaining": null,
  "off_percentile": 96.875,
  "def_percentile": 96.875,
  "home_goals": 59,
  "away_goals": 44,
  "home_xg": 62.61418497897613,
  "away_xg": 43.6712542006783,
  "home_attempts": 1346,
  "away_attempts": 911,
  "have_xg": true,
  "home_shot_pct": 59.636685866194064,
  "away_shot_pct": 40.363314133805936,
  "rel_off_pct": 21.365689111983706,
  "rel_def_pct": -15.698424456791487
}