{
  "season": "20252026",
  "total_left_seconds": 2377776.0,
  "total_left_xg": 1695.1584117744742,
  "xg_per60": 2.5665034395115875,
  "xg_per60_right": 2.566503439511588
}