{
  "team_xgs": 56.21411063538412,
  "other_xgs": 52.10369519285299,
  "team_goals": 57,
  "other_goals": 61,
  "team_attempts": 1147,
  "other_attempts": 1168,
  "team_seconds": 73709.0,
  "other_seconds": 73709.0,
  "team_xg_per60": 2.7455371567567437,
  "other_xg_per60": 2.544781542203405,
  "n_games": 26,
  "game_ongoing": false,
  "time_remaining": null,
  "off_percentile": 75.0,
  "def_percentile": 53.125,
  "home_goals": 57,
  "away_goals": 61,
  "home_xg": 56.21411063538412,
  "away_xg": 52.10369519285299,
  "home_attempts": 1147,
  "away_attempts": 1168,
  "have_xg": true,
  "home_shot_pct": 49.546436285097194,
  "away_shot_pct": 50.453563714902806,
  "rel_off_pct": 5.912982446055191,
  "rel_def_pct": -2.2985666411366332
}