{
  "team_xgs": 45.67854329280961,
  "other_xgs": 57.41517319263812,
  "team_goals": 54,
  "other_goals": 53,
  "team_attempts": 994,
  "other_attempts": 1171,
  "team_seconds": 73762.0,
  "other_seconds": 73762.0,
  "team_xg_per60": 2.229369537893693,
  "other_xg_per60": 2.8021830142010415,
  "n_games": 26,
  "game_ongoing": false,
  "time_remaining": null,
  "off_percentile": 6.25,
  "def_percentile": 18.75,
  "home_goals": 54,
  "away_goals": 53,
  "home_xg": 45.67854329280961,
  "away_xg": 57.41517319263812,
  "home_attempts": 994,
  "away_attempts": 1171,
  "have_xg": true,
  "home_shot_pct": 45.91224018475751,
  "away_shot_pct": 54.08775981524249,
  "rel_off_pct": -14.056348155497203,
  "rel_def_pct": 7.987762544872984
}