{
  "team_xgs": 39.53911351103433,
  "other_xgs": 49.355880945368455,
  "team_goals": 36,
  "other_goals": 34,
  "team_attempts": 913,
  "other_attempts": 1088,
  "team_seconds": 68384.0,
  "other_seconds": 68384.0,
  "team_xg_per60": 2.0814928731826683,
  "other_xg_per60": 2.5982857306288962,
  "n_games": 24,
  "game_ongoing": false,
  "time_remaining": null,
  "off_percentile": 3.125,
  "def_percentile": 46.875,
  "home_goals": 36,
  "away_goals": 34,
  "home_xg": 39.53911351103433,
  "away_xg": 49.355880945368455,
  "home_attempts": 913,
  "away_attempts": 1088,
  "have_xg": true,
  "home_shot_pct": 45.6271864067966,
  "away_shot_pct": 54.3728135932034,
  "rel_off_pct": -20.015091634781747,
  "rel_def_pct": -0.22281182675738778
}