{
  "team_xgs": 43.87816329307911,
  "other_xgs": 49.376013264780994,
  "team_goals": 52,
  "other_goals": 50,
  "team_attempts": 911,
  "other_attempts": 1028,
  "team_seconds": 66946.0,
  "other_seconds": 66946.0,
  "team_xg_per60": 2.3595343688209125,
  "other_xg_per60": 2.6551795141339523,
  "n_games": 24,
  "game_ongoing": false,
  "time_remaining": null,
  "off_percentile": 18.75,
  "def_percentile": 37.5,
  "home_goals": 52,
  "away_goals": 50,
  "home_xg": 43.87816329307911,
  "away_xg": 49.376013264780994,
  "home_attempts": 911,
  "away_attempts": 1028,
  "have_xg": true,
  "home_shot_pct": 46.982980917998965,
  "away_shot_pct": 53.017019082001035,
  "rel_off_pct": -9.388528559125454,
  "rel_def_pct": 2.389752085241769
}