{
  "team_xgs": 46.08349048765764,
  "other_xgs": 48.05578913722782,
  "team_goals": 52,
  "other_goals": 42,
  "team_attempts": 882,
  "other_attempts": 1071,
  "team_seconds": 71370.0,
  "other_seconds": 71370.0,
  "team_xg_per60": 2.3245140220760474,
  "other_xg_per60": 2.423999452066977,
  "n_games": 26,
  "game_ongoing": false,
  "time_remaining": null,
  "off_percentile": 15.625,
  "def_percentile": 65.625,
  "home_goals": 52,
  "away_goals": 42,
  "home_xg": 46.08349048765764,
  "away_xg": 48.05578913722782,
  "home_attempts": 882,
  "away_attempts": 1071,
  "have_xg": true,
  "home_shot_pct": 45.16129032258065,
  "away_shot_pct": 54.83870967741935,
  "rel_off_pct": -10.260496866987907,
  "rel_def_pct": -6.675334588219213
}