{
  "team_xgs": 56.012192521676525,
  "other_xgs": 50.0899784663232,
  "team_goals": 43,
  "other_goals": 45,
  "team_attempts": 1222,
  "other_attempts": 1074,
  "team_seconds": 75352.0,
  "other_seconds": 75352.0,
  "team_xg_per60": 2.676025760139552,
  "other_xg_per60": 2.393087409475044,
  "n_games": 26,
  "game_ongoing": false,
  "time_remaining": null,
  "off_percentile": 62.5,
  "def_percentile": 78.125,
  "home_goals": 43,
  "away_goals": 45,
  "home_xg": 56.012192521676525,
  "away_xg": 50.0899784663232,
  "home_attempts": 1222,
  "away_attempts": 1074,
  "have_xg": true,
  "home_shot_pct": 53.22299651567944,
  "away_shot_pct": 46.77700348432056,
  "rel_off_pct": 3.0495434160188952,
  "rel_def_pct": -8.002969336392963
}