{
  "team_xgs": 51.43801986550088,
  "other_xgs": 57.512440362735234,
  "team_goals": 49,
  "other_goals": 47,
  "team_attempts": 1086,
  "other_attempts": 1098,
  "team_seconds": 74324.0,
  "other_seconds": 74324.0,
  "team_xg_per60": 2.4914815068592,
  "other_xg_per60": 2.78570563083051,
  "n_games": 26,
  "game_ongoing": false,
  "time_remaining": null,
  "off_percentile": 31.25,
  "def_percentile": 25.0,
  "home_goals": 49,
  "away_goals": 47,
  "home_xg": 51.43801986550088,
  "away_xg": 57.512440362735234,
  "home_attempts": 1086,
  "away_attempts": 1098,
  "have_xg": true,
  "home_shot_pct": 49.72527472527472,
  "away_shot_pct": 50.27472527472528,
  "rel_off_pct": -4.06268329093968,
  "rel_def_pct": 6.822339004940474
}