{
  "team_xgs": 58.276608441986035,
  "other_xgs": 51.93897023507722,
  "team_goals": 49,
  "other_goals": 56,
  "team_attempts": 1266,
  "other_attempts": 1117,
  "team_seconds": 75545.0,
  "other_seconds": 75545.0,
  "team_xg_per60": 2.7770969672532893,
  "other_xg_per60": 2.475084953951658,
  "n_games": 28,
  "game_ongoing": false,
  "time_remaining": null,
  "off_percentile": 81.25,
  "def_percentile": 59.375,
  "home_goals": 49,
  "away_goals": 56,
  "home_xg": 58.276608441986035,
  "away_xg": 51.93897023507722,
  "home_attempts": 1266,
  "away_attempts": 1117,
  "have_xg": true,
  "home_shot_pct": 53.12631137221989,
  "away_shot_pct": 46.87368862778011,
  "rel_off_pct": 6.228486255591308,
  "rel_def_pct": -4.692606261851064
}