{
  "team_xgs": 57.53238492957999,
  "other_xgs": 55.1002462799371,
  "team_goals": 57,
  "other_goals": 59,
  "team_attempts": 1100,
  "other_attempts": 1182,
  "team_seconds": 79745.0,
  "other_seconds": 79745.0,
  "team_xg_per60": 2.5972360116181323,
  "other_xg_per60": 2.4874397969499475,
  "n_games": 27,
  "game_ongoing": false,
  "time_remaining": null,
  "off_percentile": 53.125,
  "def_percentile": 56.25,
  "home_goals": 57,
  "away_goals": 59,
  "home_xg": 57.53238492957999,
  "away_xg": 55.1002462799371,
  "home_attempts": 1100,
  "away_attempts": 1182,
  "have_xg": true,
  "home_shot_pct": 48.20333041191937,
  "away_shot_pct": 51.79666958808063,
  "rel_off_pct": 0.35537125811526304,
  "rel_def_pct": -4.293358544407369
}