{
  "team_xgs": 57.79454324524207,
  "other_xgs": 52.37115650170322,
  "team_goals": 60,
  "other_goals": 58,
  "team_attempts": 1166,
  "other_attempts": 1032,
  "team_seconds": 78240.0,
  "other_seconds": 78240.0,
  "team_xg_per60": 2.659258124781077,
  "other_xg_per60": 2.4097157899556696,
  "n_games": 27,
  "game_ongoing": false,
  "time_remaining": null,
  "off_percentile": 59.375,
  "def_percentile": 75.0,
  "home_goals": 60,
  "away_goals": 58,
  "home_xg": 57.79454324524207,
  "away_xg": 52.37115650170322,
  "home_attempts": 1166,
  "away_attempts": 1032,
  "have_xg": true,
  "home_shot_pct": 53.04822565969063,
  "away_shot_pct": 46.95177434030937,
  "rel_off_pct": 2.5786015459005767,
  "rel_def_pct": -7.340994863172831
}