{
  "team_xgs": 48.75396479361535,
  "other_xgs": 59.642481657519184,
  "team_goals": 49,
  "other_goals": 60,
  "team_attempts": 962,
  "other_attempts": 1268,
  "team_seconds": 76654.0,
  "other_seconds": 76654.0,
  "team_xg_per60": 2.2896949051193056,
  "other_xg_per60": 2.801066271389217,
  "n_games": 28,
  "game_ongoing": false,
  "time_remaining": null,
  "off_percentile": 12.5,
  "def_percentile": 21.875,
  "home_goals": 49,
  "away_goals": 60,
  "home_xg": 48.75396479361535,
  "away_xg": 59.642481657519184,
  "home_attempts": 962,
  "away_attempts": 1268,
  "have_xg": true,
  "home_shot_pct": 43.139013452914796,
  "away_shot_pct": 56.860986547085204,
  "rel_off_pct": -11.927324929400228,
  "rel_def_pct": 8.000898114020842
}