{
  "team_xgs": 64.5574911324646,
  "other_xgs": 52.30177495543549,
  "team_goals": 66,
  "other_goals": 40,
  "team_attempts": 1289,
  "other_attempts": 1115,
  "team_seconds": 76566.0,
  "other_seconds": 76566.0,
  "team_xg_per60": 3.0353808227786825,
  "other_xg_per60": 2.4591383883129296,
  "n_games": 27,
  "game_ongoing": false,
  "time_remaining": null,
  "off_percentile": 93.75,
  "def_percentile": 62.5,
  "home_goals": 66,
  "away_goals": 40,
  "home_xg": 64.5574911324646,
  "away_xg": 52.30177495543549,
  "home_attempts": 1289,
  "away_attempts": 1115,
  "have_xg": true,
  "home_shot_pct": 53.6189683860233,
  "away_shot_pct": 46.3810316139767,
  "rel_off_pct": 16.945039969933713,
  "rel_def_pct": -5.077242282622815
}