{
  "team_xgs": 53.43791807092721,
  "other_xgs": 58.60238733066966,
  "team_goals": 48,
  "other_goals": 54,
  "team_attempts": 1181,
  "other_attempts": 1194,
  "team_seconds": 77031.0,
  "other_seconds": 77031.0,
  "team_xg_per60": 2.4973907265300714,
  "other_xg_per60": 2.7387492618609492,
  "n_games": 26,
  "game_ongoing": false,
  "time_remaining": null,
  "off_percentile": 37.5,
  "def_percentile": 31.25,
  "home_goals": 48,
  "away_goals": 54,
  "home_xg": 53.43791807092721,
  "away_xg": 58.60238733066966,
  "home_attempts": 1181,
  "away_attempts": 1194,
  "have_xg": true,
  "home_shot_pct": 49.72631578947368,
  "away_shot_pct": 50.27368421052632,
  "rel_off_pct": -4.2328671431697575,
  "rel_def_pct": 5.877352925491194
}