{
  "team_xgs": 59.559574928720146,
  "other_xgs": 53.019172341088876,
  "team_goals": 46,
  "other_goals": 42,
  "team_attempts": 1261,
  "other_attempts": 1237,
  "team_seconds": 85727.0,
  "other_seconds": 85727.0,
  "team_xg_per60": 2.501131145886273,
  "other_xg_per60": 2.2264749778706823,
  "n_games": 29,
  "game_ongoing": false,
  "time_remaining": null,
  "off_percentile": 40.625,
  "def_percentile": 93.75,
  "home_goals": 46,
  "away_goals": 42,
  "home_xg": 59.559574928720146,
  "away_xg": 53.019172341088876,
  "home_attempts": 1261,
  "away_attempts": 1237,
  "have_xg": true,
  "home_shot_pct": 50.48038430744596,
  "away_shot_pct": 49.51961569255404,
  "rel_off_pct": -3.6687448861086303,
  "rel_def_pct": -14.913464022150496
}