{
  "team_xgs": 56.015992553272156,
  "other_xgs": 50.01676783811214,
  "team_goals": 48,
  "other_goals": 46,
  "team_attempts": 1210,
  "other_attempts": 1102,
  "team_seconds": 74443.0,
  "other_seconds": 74443.0,
  "team_xg_per60": 2.708885633192909,
  "other_xg_per60": 2.418768241704441,
  "n_games": 26,
  "game_ongoing": false,
  "time_remaining": null,
  "off_percentile": 68.75,
  "def_percentile": 68.75,
  "home_goals": 48,
  "away_goals": 46,
  "home_xg": 56.015992553272156,
  "away_xg": 50.01676783811214,
  "home_attempts": 1210,
  "away_attempts": 1102,
  "have_xg": true,
  "home_shot_pct": 52.3356401384083,
  "away_shot_pct": 47.6643598615917,
  "rel_off_pct": 4.501609458669204,
  "rel_def_pct": -6.868810805290214
}