{
  "team_xgs": 45.98843563224631,
  "other_xgs": 49.14762547541149,
  "team_goals": 47,
  "other_goals": 49,
  "team_attempts": 947,
  "other_attempts": 1013,
  "team_seconds": 73230.0,
  "other_seconds": 73230.0,
  "team_xg_per60": 2.260799785280441,
  "other_xg_per60": 2.4161061274270295,
  "n_games": 25,
  "game_ongoing": false,
  "time_remaining": null,
  "off_percentile": 9.375,
  "def_percentile": 71.875,
  "home_goals": 47,
  "away_goals": 49,
  "home_xg": 45.98843563224631,
  "away_xg": 49.14762547541149,
  "home_attempts": 947,
  "away_attempts": 1013,
  "have_xg": true,
  "home_shot_pct": 48.316326530612244,
  "away_shot_pct": 51.683673469387756,
  "rel_off_pct": -13.319944946939765,
  "rel_def_pct": -7.210712385663054
}