{
  "team_xgs": 19.017686025692115,
  "other_xgs": 1.2673268167040301,
  "team_goals": 13,
  "other_goals": 1,
  "team_attempts": 241,
  "other_attempts": 24,
  "team_seconds": 9014.0,
  "other_seconds": 9014.0,
  "team_xg_per60": 7.595259562069183,
  "other_xg_per60": 0.5061433925154769,
  "n_games": 26,
  "game_ongoing": false,
  "time_remaining": null,
  "off_percentile": 62.5,
  "def_percentile": 68.75,
  "home_goals": 13,
  "away_goals": 1,
  "home_xg": 19.017686025692115,
  "away_xg": 1.2673268167040301,
  "home_attempts": 241,
  "away_attempts": 24,
  "have_xg": true,
  "home_shot_pct": 90.94339622641509,
  "away_shot_pct": 9.056603773584905,
  "rel_off_pct": 5.454603088839947,
  "rel_def_pct": -29.07797822462807
}