{
  "team_xgs": 14.557341333682153,
  "other_xgs": 0.9139884964104196,
  "team_goals": 10,
  "other_goals": 0,
  "team_attempts": 179,
  "other_attempts": 23,
  "team_seconds": 7165.0,
  "other_seconds": 7165.0,
  "team_xg_per60": 7.314225931787264,
  "other_xg_per60": 0.4592265997316832,
  "n_games": 25,
  "game_ongoing": false,
  "time_remaining": null,
  "off_percentile": 43.75,
  "def_percentile": 75.0,
  "home_goals": 10,
  "away_goals": 0,
  "home_xg": 14.557341333682153,
  "away_xg": 0.9139884964104196,
  "home_attempts": 179,
  "away_attempts": 23,
  "have_xg": true,
  "home_shot_pct": 88.61386138613861,
  "away_shot_pct": 11.386138613861386,
  "rel_off_pct": 1.5710379575678537,
  "rel_def_pct": -35.4278409609625
}