{
  "team_xgs": 14.24406329178304,
  "other_xgs": 1.2682403353194656,
  "team_goals": 9,
  "other_goals": 0,
  "team_attempts": 183,
  "other_attempts": 27,
  "team_seconds": 7357.0,
  "other_seconds": 7357.0,
  "team_xg_per60": 6.970045922307862,
  "other_xg_per60": 0.6205879036495957,
  "n_games": 27,
  "game_ongoing": false,
  "time_remaining": null,
  "off_percentile": 40.625,
  "def_percentile": 53.125,
  "home_goals": 9,
  "away_goals": 0,
  "home_xg": 14.24406329178304,
  "away_xg": 1.2682403353194656,
  "home_attempts": 183,
  "away_attempts": 27,
  "have_xg": true,
  "home_shot_pct": 87.14285714285714,
  "away_shot_pct": 12.857142857142858,
  "rel_off_pct": -3.349637531146689,
  "rel_def_pct": -12.950756309069808
}