{
  "team_xgs": 16.572690563193312,
  "other_xgs": 1.5418128008769003,
  "team_goals": 8,
  "other_goals": 2,
  "team_attempts": 178,
  "other_attempts": 22,
  "team_seconds": 10119.0,
  "other_seconds": 10119.0,
  "team_xg_per60": 5.896006129804914,
  "other_xg_per60": 0.5485251589244827,
  "n_games": 25,
  "game_ongoing": false,
  "time_remaining": null,
  "off_percentile": 12.5,
  "def_percentile": 59.375,
  "home_goals": 8,
  "away_goals": 2,
  "home_xg": 16.572690563193312,
  "away_xg": 1.5418128008769003,
  "home_attempts": 178,
  "away_attempts": 22,
  "have_xg": true,
  "home_shot_pct": 89.0,
  "away_shot_pct": 11.0,
  "rel_off_pct": -18.18542941636627,
  "rel_def_pct": -22.858354819070577
}