{
  "season": "20252026",
  "total_left_seconds": 272948.0,
  "total_left_xg": 543.3634559050901,
  "xg_per60": 7.166597451742912,
  "xg_per60_right": 0.7106981345145225
}