{
  "team_xgs": 18.61992704660628,
  "other_xgs": 1.1101089022840296,
  "team_goals": 17,
  "other_goals": 1,
  "team_attempts": 200,
  "other_attempts": 21,
  "team_seconds": 7303.0,
  "other_seconds": 7303.0,
  "team_xg_per60": 9.178657725288595,
  "other_xg_per60": 0.5472260780805842,
  "n_games": 26,
  "game_ongoing": false,
  "time_remaining": null,
  "off_percentile": 96.875,
  "def_percentile": 62.5,
  "home_goals": 17,
  "away_goals": 1,
  "home_xg": 18.61992704660628,
  "away_xg": 1.1101089022840296,
  "home_attempts": 200,
  "away_attempts": 21,
  "have_xg": true,
  "home_shot_pct": 90.49773755656109,
  "away_shot_pct": 9.502262443438914,
  "rel_off_pct": 27.3787906078649,
  "rel_def_pct": -23.046237890359677
}