{
  "team_xgs": 13.49508387737439,
  "other_xgs": 1.4296676366978633,
  "team_goals": 10,
  "other_goals": 3,
  "team_attempts": 174,
  "other_attempts": 27,
  "team_seconds": 7631.0,
  "other_seconds": 7631.0,
  "team_xg_per60": 6.366439779655066,
  "other_xg_per60": 0.6744598993725996,
  "n_games": 27,
  "game_ongoing": false,
  "time_remaining": null,
  "off_percentile": 18.75,
  "def_percentile": 43.75,
  "home_goals": 10,
  "away_goals": 3,
  "home_xg": 13.49508387737439,
  "away_xg": 1.4296676366978633,
  "home_attempts": 174,
  "away_attempts": 27,
  "have_xg": true,
  "home_shot_pct": 86.56716417910448,
  "away_shot_pct": 13.432835820895523,
  "rel_off_pct": -11.597955488053897,
  "rel_def_pct": -5.145538166101924
}