{
  "team_xgs": 20.637102781503792,
  "other_xgs": 3.2910442124639876,
  "team_goals": 10,
  "other_goals": 4,
  "team_attempts": 230,
  "other_attempts": 40,
  "team_seconds": 9826.0,
  "other_seconds": 9826.0,
  "team_xg_per60": 7.560916956382419,
  "other_xg_per60": 1.2057560721423117,
  "n_games": 28,
  "game_ongoing": false,
  "time_remaining": null,
  "off_percentile": 56.25,
  "def_percentile": 9.375,
  "home_goals": 10,
  "away_goals": 4,
  "home_xg": 20.637102781503792,
  "away_xg": 3.2910442124639876,
  "home_attempts": 230,
  "away_attempts": 40,
  "have_xg": true,
  "home_shot_pct": 85.18518518518519,
  "away_shot_pct": 14.814814814814815,
  "rel_off_pct": 4.909983015087864,
  "rel_def_pct": 68.97811302151999
}