{
  "team_xgs": 13.290884734188161,
  "other_xgs": 0.5782655348263844,
  "team_goals": 6,
  "other_goals": 1,
  "team_attempts": 162,
  "other_attempts": 12,
  "team_seconds": 5922.0,
  "other_seconds": 5922.0,
  "team_xg_per60": 8.079565187956328,
  "other_xg_per60": 0.35152920050236136,
  "n_games": 26,
  "game_ongoing": false,
  "time_remaining": null,
  "off_percentile": 71.875,
  "def_percentile": 90.625,
  "home_goals": 6,
  "away_goals": 1,
  "home_xg": 13.290884734188161,
  "away_xg": 0.5782655348263844,
  "home_attempts": 162,
  "away_attempts": 12,
  "have_xg": true,
  "home_shot_pct": 93.10344827586206,
  "away_shot_pct": 6.896551724137931,
  "rel_off_pct": 12.04273563867845,
  "rel_def_pct": -50.81729198690799
}