{
  "team_xgs": 12.590744035608061,
  "other_xgs": 0.4209181939340956,
  "team_goals": 15,
  "other_goals": 0,
  "team_attempts": 128,
  "other_attempts": 14,
  "team_seconds": 9959.0,
  "other_seconds": 9959.0,
  "team_xg_per60": 4.5513282988441635,
  "other_xg_per60": 0.15215438278569576,
  "n_games": 23,
  "game_ongoing": false,
  "time_remaining": null,
  "off_percentile": 6.25,
  "def_percentile": 96.875,
  "home_goals": 15,
  "away_goals": 0,
  "home_xg": 12.590744035608061,
  "away_xg": 0.4209181939340956,
  "home_attempts": 128,
  "away_attempts": 14,
  "have_xg": true,
  "home_shot_pct": 90.14084507042253,
  "away_shot_pct": 9.859154929577464,
  "rel_off_pct": -38.05440768538331,
  "rel_def_pct": -78.6155872628023
}