{
  "team_xgs": 12.11870386684452,
  "other_xgs": 2.6689648461250117,
  "team_goals": 11,
  "other_goals": 3,
  "team_attempts": 136,
  "other_attempts": 22,
  "team_seconds": 5691.0,
  "other_seconds": 5691.0,
  "team_xg_per60": 7.666022477708711,
  "other_xg_per60": 1.6883277887981099,
  "n_games": 25,
  "game_ongoing": false,
  "time_remaining": null,
  "off_percentile": 65.625,
  "def_percentile": 0.0,
  "home_goals": 11,
  "away_goals": 3,
  "home_xg": 12.11870386684452,
  "away_xg": 2.6689648461250117,
  "home_attempts": 136,
  "away_attempts": 22,
  "have_xg": true,
  "home_shot_pct": 86.07594936708861,
  "away_shot_pct": 13.924050632911392,
  "rel_off_pct": 6.459054143228879,
  "rel_def_pct": 136.83051777223116
}