{
  "team_xgs": 17.119651899370666,
  "other_xgs": 2.1095744110228924,
  "team_goals": 18,
  "other_goals": 4,
  "team_attempts": 160,
  "other_attempts": 21,
  "team_seconds": 9495.0,
  "other_seconds": 9495.0,
  "team_xg_per60": 6.490863279382244,
  "other_xg_per60": 0.7998386392503858,
  "n_games": 26,
  "game_ongoing": false,
  "time_remaining": null,
  "off_percentile": 25.0,
  "def_percentile": 31.25,
  "home_goals": 18,
  "away_goals": 4,
  "home_xg": 17.119651899370666,
  "away_xg": 2.1095744110228924,
  "home_attempts": 160,
  "away_attempts": 21,
  "have_xg": true,
  "home_shot_pct": 88.39779005524862,
  "away_shot_pct": 11.602209944751381,
  "rel_off_pct": -11.009291056251119,
  "rel_def_pct": 12.242829790526235
}