{
  "team_xgs": 14.299570512555048,
  "other_xgs": 1.7677205386614887,
  "team_goals": 16,
  "other_goals": 1,
  "team_attempts": 182,
  "other_attempts": 21,
  "team_seconds": 7742.0,
  "other_seconds": 7742.0,
  "team_xg_per60": 6.649244877964114,
  "other_xg_per60": 0.8219832006175871,
  "n_games": 26,
  "game_ongoing": false,
  "time_remaining": null,
  "off_percentile": 31.25,
  "def_percentile": 28.125,
  "home_goals": 16,
  "away_goals": 1,
  "home_xg": 14.299570512555048,
  "away_xg": 1.7677205386614887,
  "home_attempts": 182,
  "away_attempts": 21,
  "have_xg": true,
  "home_shot_pct": 89.65517241379311,
  "away_shot_pct": 10.344827586206897,
  "rel_off_pct": -7.734189960548392,
  "rel_def_pct": 15.331684786460206
}