{
  "team_xgs": 17.865834669834328,
  "other_xgs": 2.1737653455319506,
  "team_goals": 10,
  "other_goals": 2,
  "team_attempts": 222,
  "other_attempts": 30,
  "team_seconds": 7093.0,
  "other_seconds": 7093.0,
  "team_xg_per60": 9.067673031355362,
  "other_xg_per60": 1.1032786189080814,
  "n_games": 25,
  "game_ongoing": false,
  "time_remaining": null,
  "off_percentile": 87.5,
  "def_percentile": 15.625,
  "home_goals": 10,
  "away_goals": 2,
  "home_xg": 17.865834669834328,
  "away_xg": 2.1737653455319506,
  "home_attempts": 222,
  "away_attempts": 30,
  "have_xg": true,
  "home_shot_pct": 88.0952380952381,
  "away_shot_pct": 11.904761904761905,
  "rel_off_pct": 25.993178597998174,
  "rel_def_pct": 54.934337995791694
}