{
  "team_xgs": 14.901435942682344,
  "other_xgs": 0.9999299383670742,
  "team_goals": 13,
  "other_goals": 3,
  "team_attempts": 177,
  "other_attempts": 28,
  "team_seconds": 8557.0,
  "other_seconds": 8557.0,
  "team_xg_per60": 6.269156175488657,
  "other_xg_per60": 0.4206787166204823,
  "n_games": 26,
  "game_ongoing": false,
  "time_remaining": null,
  "off_percentile": 15.625,
  "def_percentile": 81.25,
  "home_goals": 13,
  "away_goals": 3,
  "home_xg": 14.901435942682344,
  "away_xg": 0.9999299383670742,
  "home_attempts": 177,
  "away_attempts": 28,
  "have_xg": true,
  "home_shot_pct": 86.34146341463415,
  "away_shot_pct": 13.658536585365853,
  "rel_off_pct": -12.751143958800037,
  "rel_def_pct": -40.85622128306605
}