{
  "team_xgs": 14.186952327763711,
  "other_xgs": 0.9827530946172172,
  "team_goals": 15,
  "other_goals": 0,
  "team_attempts": 151,
  "other_attempts": 21,
  "team_seconds": 6828.0,
  "other_seconds": 6828.0,
  "team_xg_per60": 7.4799397158683885,
  "other_xg_per60": 0.5181475015556505,
  "n_games": 26,
  "game_ongoing": false,
  "time_remaining": null,
  "off_percentile": 53.125,
  "def_percentile": 65.625,
  "home_goals": 15,
  "away_goals": 0,
  "home_xg": 14.186952327763711,
  "away_xg": 0.9827530946172172,
  "home_attempts": 151,
  "away_attempts": 21,
  "have_xg": true,
  "home_shot_pct": 87.79069767441861,
  "away_shot_pct": 12.209302325581396,
  "rel_off_pct": 3.378233499714034,
  "rel_def_pct": -27.280545095173693
}