{
  "team_xgs": 14.8222331585182,
  "other_xgs": 2.8777388646460484,
  "team_goals": 14,
  "other_goals": 1,
  "team_attempts": 167,
  "other_attempts": 29,
  "team_seconds": 7238.0,
  "other_seconds": 7238.0,
  "team_xg_per60": 7.372207705259122,
  "other_xg_per60": 1.4313152684064347,
  "n_games": 27,
  "game_ongoing": false,
  "time_remaining": null,
  "off_percentile": 46.875,
  "def_percentile": 6.25,
  "home_goals": 14,
  "away_goals": 1,
  "home_xg": 14.8222331585182,
  "away_xg": 2.8777388646460484,
  "home_attempts": 167,
  "away_attempts": 29,
  "have_xg": true,
  "home_shot_pct": 85.20408163265306,
  "away_shot_pct": 14.795918367346939,
  "rel_off_pct": 1.8511368530592744,
  "rel_def_pct": 100.79812453842807
}