{
  "team_xgs": 19.13879718790365,
  "other_xgs": 1.6001108451285773,
  "team_goals": 13,
  "other_goals": 2,
  "team_attempts": 221,
  "other_attempts": 21,
  "team_seconds": 9896.0,
  "other_seconds": 9896.0,
  "team_xg_per60": 6.962375694871982,
  "other_xg_per60": 0.5820936785027161,
  "n_games": 27,
  "game_ongoing": false,
  "time_remaining": null,
  "off_percentile": 37.5,
  "def_percentile": 56.25,
  "home_goals": 13,
  "away_goals": 2,
  "home_xg": 19.13879718790365,
  "away_xg": 1.6001108451285773,
  "home_attempts": 221,
  "away_attempts": 21,
  "have_xg": true,
  "home_shot_pct": 91.32231404958678,
  "away_shot_pct": 8.677685950413224,
  "rel_off_pct": -3.45312328978244,
  "rel_def_pct": -18.69824009677726
}