{
  "team_xgs": 15.562253786444744,
  "other_xgs": 3.2803075778603445,
  "team_goals": 10,
  "other_goals": 3,
  "team_attempts": 190,
  "other_attempts": 31,
  "team_seconds": 7567.0,
  "other_seconds": 7567.0,
  "team_xg_per60": 7.403741724752357,
  "other_xg_per60": 1.560606221791627,
  "n_games": 26,
  "game_ongoing": false,
  "time_remaining": null,
  "off_percentile": 50.0,
  "def_percentile": 3.125,
  "home_goals": 10,
  "away_goals": 3,
  "home_xg": 15.562253786444744,
  "away_xg": 3.2803075778603445,
  "home_attempts": 190,
  "away_attempts": 31,
  "have_xg": true,
  "home_shot_pct": 85.97285067873302,
  "away_shot_pct": 14.027149321266968,
  "rel_off_pct": 0.8650505352184139,
  "rel_def_pct": 112.90901012821672
}