{
  "team_xgs": 17.328354548084956,
  "other_xgs": 1.4955202723453198,
  "team_goals": 16,
  "other_goals": 2,
  "team_attempts": 178,
  "other_attempts": 25,
  "team_seconds": 7492.0,
  "other_seconds": 7492.0,
  "team_xg_per60": 8.326491774306707,
  "other_xg_per60": 0.7186162547307997,
  "n_games": 23,
  "game_ongoing": false,
  "time_remaining": null,
  "off_percentile": 78.125,
  "def_percentile": 40.625,
  "home_goals": 16,
  "away_goals": 2,
  "home_xg": 17.328354548084956,
  "away_xg": 1.4955202723453198,
  "home_attempts": 178,
  "away_attempts": 25,
  "have_xg": true,
  "home_shot_pct": 87.6847290640394,
  "away_shot_pct": 12.31527093596059,
  "rel_off_pct": 15.490649519212015,
  "rel_def_pct": 0.895788848998955
}