{
  "team_xgs": 15.142310221376821,
  "other_xgs": 1.3856437266423263,
  "team_goals": 18,
  "other_goals": 2,
  "team_attempts": 135,
  "other_attempts": 20,
  "team_seconds": 12564.0,
  "other_seconds": 12564.0,
  "team_xg_per60": 4.338770837070722,
  "other_xg_per60": 0.39703258643046596,
  "n_games": 23,
  "game_ongoing": false,
  "time_remaining": null,
  "off_percentile": 3.125,
  "def_percentile": 84.375,
  "home_goals": 18,
  "away_goals": 2,
  "home_xg": 15.142310221376821,
  "away_xg": 1.3856437266423263,
  "home_attempts": 135,
  "away_attempts": 20,
  "have_xg": true,
  "home_shot_pct": 87.09677419354838,
  "away_shot_pct": 12.903225806451612,
  "rel_off_pct": -39.855093971637515,
  "rel_def_pct": -44.16424476594938
}