{
  "team_xgs": 18.43413543753629,
  "other_xgs": 0.9252353830080232,
  "team_goals": 15,
  "other_goals": 0,
  "team_attempts": 203,
  "other_attempts": 21,
  "team_seconds": 7827.0,
  "other_seconds": 7827.0,
  "team_xg_per60": 8.478713118069585,
  "other_xg_per60": 0.4255586276771284,
  "n_games": 26,
  "game_ongoing": false,
  "time_remaining": null,
  "off_percentile": 81.25,
  "def_percentile": 78.125,
  "home_goals": 15,
  "away_goals": 0,
  "home_xg": 18.43413543753629,
  "away_xg": 0.9252353830080232,
  "home_attempts": 203,
  "away_attempts": 21,
  "have_xg": true,
  "home_shot_pct": 90.625,
  "away_shot_pct": 9.375,
  "rel_off_pct": 17.48701983244342,
  "rel_def_pct": -40.164361294551085
}