{
  "team_xgs": 16.330001183523272,
  "other_xgs": 1.4868513578163074,
  "team_goals": 14,
  "other_goals": 1,
  "team_attempts": 204,
  "other_attempts": 26,
  "team_seconds": 11236.0,
  "other_seconds": 11236.0,
  "team_xg_per60": 5.2321114507550535,
  "other_xg_per60": 0.4763852695032669,
  "n_games": 25,
  "game_ongoing": false,
  "time_remaining": null,
  "off_percentile": 9.375,
  "def_percentile": 71.875,
  "home_goals": 14,
  "away_goals": 1,
  "home_xg": 16.330001183523272,
  "away_xg": 1.4868513578163074,
  "home_attempts": 204,
  "away_attempts": 26,
  "have_xg": true,
  "home_shot_pct": 88.69565217391305,
  "away_shot_pct": 11.304347826086957,
  "rel_off_pct": -27.646994090943256,
  "rel_def_pct": -33.309157861612945
}