{
  "team_xgs": 18.805594454816642,
  "other_xgs": 2.323439180095336,
  "team_goals": 16,
  "other_goals": 2,
  "team_attempts": 225,
  "other_attempts": 42,
  "team_seconds": 9859.0,
  "other_seconds": 9859.0,
  "team_xg_per60": 6.866836396930714,
  "other_xg_per60": 0.8484005526263526,
  "n_games": 28,
  "game_ongoing": false,
  "time_remaining": null,
  "off_percentile": 34.375,
  "def_percentile": 25.0,
  "home_goals": 16,
  "away_goals": 2,
  "home_xg": 18.805594454816642,
  "away_xg": 2.323439180095336,
  "home_attempts": 225,
  "away_attempts": 42,
  "have_xg": true,
  "home_shot_pct": 84.26966292134831,
  "away_shot_pct": 15.730337078651685,
  "rel_off_pct": -4.726243635545986,
  "rel_def_pct": 19.241083971984025
}