{
  "team_xgs": 17.00510007526396,
  "other_xgs": 1.0199047145167368,
  "team_goals": 16,
  "other_goals": 0,
  "team_attempts": 175,
  "other_attempts": 21,
  "team_seconds": 9390.0,
  "other_seconds": 9390.0,
  "team_xg_per60": 6.519527185404714,
  "other_xg_per60": 0.39101778192334957,
  "n_games": 25,
  "game_ongoing": false,
  "time_remaining": null,
  "off_percentile": 28.125,
  "def_percentile": 87.5,
  "home_goals": 16,
  "away_goals": 0,
  "home_xg": 17.00510007526396,
  "away_xg": 1.0199047145167368,
  "home_attempts": 175,
  "away_attempts": 21,
  "have_xg": true,
  "home_shot_pct": 89.28571428571429,
  "away_shot_pct": 10.714285714285714,
  "rel_off_pct": -9.802563395003089,
  "rel_def_pct": -45.150033331477665
}