{
  "team_xgs": 21.148186277015625,
  "other_xgs": 2.7520955203475395,
  "team_goals": 12,
  "other_goals": 4,
  "team_attempts": 238,
  "other_attempts": 29,
  "team_seconds": 8359.0,
  "other_seconds": 8359.0,
  "team_xg_per60": 9.10796394272715,
  "other_xg_per60": 1.1852546803745834,
  "n_games": 26,
  "game_ongoing": false,
  "time_remaining": null,
  "off_percentile": 90.625,
  "def_percentile": 12.5,
  "home_goals": 12,
  "away_goals": 4,
  "home_xg": 21.148186277015625,
  "away_xg": 2.7520955203475395,
  "home_attempts": 238,
  "away_attempts": 29,
  "have_xg": true,
  "home_shot_pct": 89.13857677902622,
  "away_shot_pct": 10.861423220973784,
  "rel_off_pct": 26.43121836584829,
  "rel_def_pct": 65.85998574853558
}