{
  "team_xgs": 21.678714313817647,
  "other_xgs": 2.2400653398985177,
  "team_goals": 17,
  "other_goals": 4,
  "team_attempts": 233,
  "other_attempts": 30,
  "team_seconds": 12201.0,
  "other_seconds": 12201.0,
  "team_xg_per60": 6.396473365276906,
  "other_xg_per60": 0.6609487110593119,
  "n_games": 26,
  "game_ongoing": false,
  "time_remaining": null,
  "off_percentile": 21.875,
  "def_percentile": 46.875,
  "home_goals": 17,
  "away_goals": 4,
  "home_xg": 21.678714313817647,
  "away_xg": 2.2400653398985177,
  "home_attempts": 233,
  "away_attempts": 30,
  "have_xg": true,
  "home_shot_pct": 88.59315589353612,
  "away_shot_pct": 11.406844106463879,
  "rel_off_pct": -11.271803575269711,
  "rel_def_pct": -7.1047106876212425
}