{
  "team_xgs": 17.621542729813658,
  "other_xgs": 2.044798406414167,
  "team_goals": 17,
  "other_goals": 3,
  "team_attempts": 217,
  "other_attempts": 34,
  "team_seconds": 7640.0,
  "other_seconds": 7640.0,
  "team_xg_per60": 8.303344741797012,
  "other_xg_per60": 0.9635175737030105,
  "n_games": 27,
  "game_ongoing": false,
  "time_remaining": null,
  "off_percentile": 75.0,
  "def_percentile": 21.875,
  "home_goals": 17,
  "away_goals": 3,
  "home_xg": 17.621542729813658,
  "away_xg": 2.044798406414167,
  "home_attempts": 217,
  "away_attempts": 34,
  "have_xg": true,
  "home_shot_pct": 86.45418326693228,
  "away_shot_pct": 13.54581673306773,
  "rel_off_pct": 15.03017238680692,
  "rel_def_pct": 35.11773591373602
}