{
  "team_xgs": 23.090715644568874,
  "other_xgs": 2.5977592690598534,
  "team_goals": 22,
  "other_goals": 2,
  "team_attempts": 234,
  "other_attempts": 29,
  "team_seconds": 8530.0,
  "other_seconds": 8530.0,
  "team_xg_per60": 9.745202382233053,
  "other_xg_per60": 1.0963579564613684,
  "n_games": 27,
  "game_ongoing": false,
  "time_remaining": null,
  "off_percentile": 100.0,
  "def_percentile": 18.75,
  "home_goals": 22,
  "away_goals": 2,
  "home_xg": 23.090715644568874,
  "away_xg": 2.5977592690598534,
  "home_attempts": 234,
  "away_attempts": 29,
  "have_xg": true,
  "home_shot_pct": 88.97338403041825,
  "away_shot_pct": 11.02661596958175,
  "rel_off_pct": 35.20514841447766,
  "rel_def_pct": 50.01265576773153
}