{
  "team_xgs": 18.406233043970364,
  "other_xgs": 0.7674102383119779,
  "team_goals": 21,
  "other_goals": 0,
  "team_attempts": 205,
  "other_attempts": 32,
  "team_seconds": 8728.0,
  "other_seconds": 8728.0,
  "team_xg_per60": 7.591938469098683,
  "other_xg_per60": 0.3165303457748763,
  "n_games": 26,
  "game_ongoing": false,
  "time_remaining": null,
  "off_percentile": 59.375,
  "def_percentile": 93.75,
  "home_goals": 21,
  "away_goals": 0,
  "home_xg": 18.406233043970364,
  "away_xg": 0.7674102383119779,
  "home_attempts": 205,
  "away_attempts": 32,
  "have_xg": true,
  "home_shot_pct": 86.49789029535864,
  "away_shot_pct": 13.50210970464135,
  "rel_off_pct": 4.844449268769078,
  "rel_def_pct": -55.72220564744968
}