{
  "team_xgs": 15.183369390384598,
  "other_xgs": 1.5387608140773528,
  "team_goals": 13,
  "other_goals": 1,
  "team_attempts": 173,
  "other_attempts": 16,
  "team_seconds": 6926.0,
  "other_seconds": 6926.0,
  "team_xg_per60": 7.892019896821334,
  "other_xg_per60": 0.7998179224196463,
  "n_games": 24,
  "game_ongoing": false,
  "time_remaining": null,
  "off_percentile": 68.75,
  "def_percentile": 34.375,
  "home_goals": 13,
  "away_goals": 1,
  "home_xg": 15.183369390384598,
  "away_xg": 1.5387608140773528,
  "home_attempts": 173,
  "away_attempts": 16,
  "have_xg": true,
  "home_shot_pct": 91.53439153439153,
  "away_shot_pct": 8.465608465608465,
  "rel_off_pct": 9.705380657834532,
  "rel_def_pct": 11.394609880340223
}