{
  "team_xgs": 18.272275342681883,
  "other_xgs": 1.521696550928541,
  "team_goals": 24,
  "other_goals": 4,
  "team_attempts": 175,
  "other_attempts": 26,
  "team_seconds": 7513.0,
  "other_seconds": 7513.0,
  "team_xg_per60": 8.755515936863407,
  "other_xg_per60": 0.7291504836074467,
  "n_games": 26,
  "game_ongoing": false,
  "time_remaining": null,
  "off_percentile": 84.375,
  "def_percentile": 37.5,
  "home_goals": 24,
  "away_goals": 4,
  "home_xg": 18.272275342681883,
  "away_xg": 1.521696550928541,
  "home_attempts": 175,
  "away_attempts": 26,
  "have_xg": true,
  "home_shot_pct": 87.06467661691542,
  "away_shot_pct": 12.935323383084578,
  "rel_off_pct": 21.021829583532092,
  "rel_def_pct": 2.532218643193544
}