{
  "team_xgs": 26.137245667752758,
  "other_xgs": 1.8204971462773447,
  "team_goals": 20,
  "other_goals": 1,
  "team_attempts": 278,
  "other_attempts": 22,
  "team_seconds": 10280.0,
  "other_seconds": 10280.0,
  "team_xg_per60": 9.153121050964002,
  "other_xg_per60": 0.6375281835212492,
  "n_games": 25,
  "game_ongoing": false,
  "time_remaining": null,
  "off_percentile": 93.75,
  "def_percentile": 50.0,
  "home_goals": 20,
  "away_goals": 1,
  "home_xg": 26.137245667752758,
  "away_xg": 1.8204971462773447,
  "home_attempts": 278,
  "away_attempts": 22,
  "have_xg": true,
  "home_shot_pct": 92.66666666666667,
  "away_shot_pct": 7.333333333333333,
  "rel_off_pct": 26.35087542324346,
  "rel_def_pct": -10.644951453872538
}