{
  "team_xgs": 3.0600875812488177,
  "other_xgs": 18.436732304541813,
  "team_goals": 2,
  "other_goals": 12,
  "team_attempts": 39,
  "other_attempts": 228,
  "team_seconds": 8423.0,
  "other_seconds": 8423.0,
  "team_xg_per60": 1.3078849925793357,
  "other_xg_per60": 7.879880837747896,
  "n_games": 26,
  "game_ongoing": false,
  "time_remaining": null,
  "off_percentile": 93.75,
  "def_percentile": 56.25,
  "home_goals": 2,
  "away_goals": 12,
  "home_xg": 3.0600875812488177,
  "away_xg": 18.436732304541813,
  "home_attempts": 39,
  "away_attempts": 228,
  "have_xg": true,
  "home_shot_pct": 14.606741573033707,
  "away_shot_pct": 85.3932584269663,
  "rel_off_pct": 59.21838010204033,
  "rel_def_pct": -3.433090315856836
}