{
  "team_xgs": 1.8850125298991725,
  "other_xgs": 20.471470651845337,
  "team_goals": 1,
  "other_goals": 17,
  "team_attempts": 23,
  "other_attempts": 232,
  "team_seconds": 8677.0,
  "other_seconds": 8677.0,
  "team_xg_per60": 0.782072733391382,
  "other_xg_per60": 8.493407208325829,
  "n_games": 28,
  "game_ongoing": false,
  "time_remaining": null,
  "off_percentile": 43.75,
  "def_percentile": 40.625,
  "home_goals": 1,
  "away_goals": 17,
  "home_xg": 1.8850125298991725,
  "away_xg": 20.471470651845337,
  "home_attempts": 23,
  "away_attempts": 232,
  "have_xg": true,
  "home_shot_pct": 9.019607843137255,
  "away_shot_pct": 90.98039215686275,
  "rel_off_pct": -4.951105708869295,
  "rel_def_pct": 3.98479560000949
}