{
  "team_xgs": 2.762035423545864,
  "other_xgs": 16.413922875323486,
  "team_goals": 4,
  "other_goals": 16,
  "team_attempts": 35,
  "other_attempts": 190,
  "team_seconds": 8633.0,
  "other_seconds": 8633.0,
  "team_xg_per60": 1.1517812492488255,
  "other_xg_per60": 6.844679989709783,
  "n_games": 28,
  "game_ongoing": false,
  "time_remaining": null,
  "off_percentile": 84.375,
  "def_percentile": 87.5,
  "home_goals": 4,
  "away_goals": 16,
  "home_xg": 2.762035423545864,
  "away_xg": 16.413922875323486,
  "home_attempts": 35,
  "away_attempts": 190,
  "have_xg": true,
  "home_shot_pct": 15.555555555555555,
  "away_shot_pct": 84.44444444444444,
  "rel_off_pct": 39.9951364230105,
  "rel_def_pct": -16.05741311014521
}