{
  "team_xgs": 1.8747485830725932,
  "other_xgs": 20.60130796706814,
  "team_goals": 2,
  "other_goals": 15,
  "team_attempts": 31,
  "other_attempts": 217,
  "team_seconds": 7665.0,
  "other_seconds": 7665.0,
  "team_xg_per60": 0.8805081407777346,
  "other_xg_per60": 9.675761080423394,
  "n_games": 29,
  "game_ongoing": false,
  "time_remaining": null,
  "off_percentile": 50.0,
  "def_percentile": 6.25,
  "home_goals": 2,
  "away_goals": 15,
  "home_xg": 1.8747485830725932,
  "away_xg": 20.60130796706814,
  "home_attempts": 31,
  "away_attempts": 217,
  "have_xg": true,
  "home_shot_pct": 12.5,
  "away_shot_pct": 87.5,
  "rel_off_pct": 6.985302896028228,
  "rel_def_pct": 18.734069964703927
}