{
  "team_xgs": 2.1660142757600203,
  "other_xgs": 17.89712430244454,
  "team_goals": 1,
  "other_goals": 10,
  "team_attempts": 32,
  "other_attempts": 213,
  "team_seconds": 8635.0,
  "other_seconds": 8635.0,
  "team_xg_per60": 0.903028534190628,
  "other_xg_per60": 7.4614530965605494,
  "n_games": 29,
  "game_ongoing": false,
  "time_remaining": null,
  "off_percentile": 53.125,
  "def_percentile": 65.625,
  "home_goals": 1,
  "away_goals": 10,
  "home_xg": 2.1660142757600203,
  "away_xg": 17.89712430244454,
  "home_attempts": 32,
  "away_attempts": 213,
  "have_xg": true,
  "home_shot_pct": 13.061224489795919,
  "away_shot_pct": 86.93877551020408,
  "rel_off_pct": 10.055274868757982,
  "rel_def_pct": -8.529938257794363
}