{
  "team_xgs": 1.986063768495469,
  "other_xgs": 16.69579790385952,
  "team_goals": 3,
  "other_goals": 12,
  "team_attempts": 26,
  "other_attempts": 207,
  "team_seconds": 7465.0,
  "other_seconds": 7465.0,
  "team_xg_per60": 0.9577802500447004,
  "other_xg_per60": 8.051556926174719,
  "n_games": 28,
  "game_ongoing": false,
  "time_remaining": null,
  "off_percentile": 65.625,
  "def_percentile": 50.0,
  "home_goals": 3,
  "away_goals": 12,
  "home_xg": 1.986063768495469,
  "away_xg": 16.69579790385952,
  "home_attempts": 26,
  "away_attempts": 207,
  "have_xg": true,
  "home_shot_pct": 11.158798283261802,
  "away_shot_pct": 88.8412017167382,
  "rel_off_pct": 16.616401111445416,
  "rel_def_pct": -1.38826377239492
}