{
  "team_xgs": 1.8527823161293502,
  "other_xgs": 21.109035511021062,
  "team_goals": 0,
  "other_goals": 14,
  "team_attempts": 26,
  "other_attempts": 215,
  "team_seconds": 9334.0,
  "other_seconds": 9334.0,
  "team_xg_per60": 0.7145935652523742,
  "other_xg_per60": 8.141475020320959,
  "n_games": 29,
  "game_ongoing": false,
  "time_remaining": null,
  "off_percentile": 40.625,
  "def_percentile": 43.75,
  "home_goals": 0,
  "away_goals": 14,
  "home_xg": 1.8527823161293502,
  "away_xg": 21.109035511021062,
  "home_attempts": 26,
  "away_attempts": 215,
  "have_xg": true,
  "home_shot_pct": 10.78838174273859,
  "away_shot_pct": 89.2116182572614,
  "rel_off_pct": -12.945304425080739,
  "rel_def_pct": -1.4786028967874483
}