{
  "team_xgs": 3.4560975323528997,
  "other_xgs": 22.49137412511262,
  "team_goals": 5,
  "other_goals": 24,
  "team_attempts": 39,
  "other_attempts": 230,
  "team_seconds": 9984.0,
  "other_seconds": 9984.0,
  "team_xg_per60": 1.246189014069555,
  "other_xg_per60": 8.109870477805032,
  "n_games": 29,
  "game_ongoing": false,
  "time_remaining": null,
  "off_percentile": 90.625,
  "def_percentile": 46.875,
  "home_goals": 5,
  "away_goals": 24,
  "home_xg": 3.4560975323528997,
  "away_xg": 22.49137412511262,
  "home_attempts": 39,
  "away_attempts": 230,
  "have_xg": true,
  "home_shot_pct": 14.49814126394052,
  "away_shot_pct": 85.50185873605948,
  "rel_off_pct": 51.42614923352852,
  "rel_def_pct": -0.5387427926710976
}