{
  "team_xgs": 1.2909772902473216,
  "other_xgs": 20.17388824042431,
  "team_goals": 2,
  "other_goals": 14,
  "team_attempts": 26,
  "other_attempts": 240,
  "team_seconds": 10035.0,
  "other_seconds": 10035.0,
  "team_xg_per60": 0.46313086645643825,
  "other_xg_per60": 7.237269323919036,
  "n_games": 29,
  "game_ongoing": false,
  "time_remaining": null,
  "off_percentile": 21.875,
  "def_percentile": 75.0,
  "home_goals": 2,
  "away_goals": 14,
  "home_xg": 1.2909772902473216,
  "away_xg": 20.17388824042431,
  "home_attempts": 26,
  "away_attempts": 240,
  "have_xg": true,
  "home_shot_pct": 9.774436090225564,
  "away_shot_pct": 90.22556390977444,
  "rel_off_pct": -43.66454923015704,
  "rel_def_pct": -11.626806599743464
}