{
  "team_xgs": 2.6861916452585377,
  "other_xgs": 13.367984235887679,
  "team_goals": 2,
  "other_goals": 14,
  "team_attempts": 43,
  "other_attempts": 151,
  "team_seconds": 7299.0,
  "other_seconds": 7299.0,
  "team_xg_per60": 1.3248787399548891,
  "other_xg_per60": 6.593333778489607,
  "n_games": 26,
  "game_ongoing": false,
  "time_remaining": null,
  "off_percentile": 96.875,
  "def_percentile": 93.75,
  "home_goals": 2,
  "away_goals": 14,
  "home_xg": 2.6861916452585377,
  "away_xg": 13.367984235887679,
  "home_attempts": 43,
  "away_attempts": 151,
  "have_xg": true,
  "home_shot_pct": 22.164948453608247,
  "away_shot_pct": 77.83505154639175,
  "rel_off_pct": 60.636475256524136,
  "rel_def_pct": -19.20268069585643
}