{
  "team_xgs": 2.711427718099576,
  "other_xgs": 17.38719365573972,
  "team_goals": 1,
  "other_goals": 12,
  "team_attempts": 39,
  "other_attempts": 224,
  "team_seconds": 8807.0,
  "other_seconds": 8807.0,
  "team_xg_per60": 1.1083387969976692,
  "other_xg_per60": 7.107289333560008,
  "n_games": 27,
  "game_ongoing": false,
  "time_remaining": null,
  "off_percentile": 81.25,
  "def_percentile": 78.125,
  "home_goals": 1,
  "away_goals": 12,
  "home_xg": 2.711427718099576,
  "away_xg": 17.38719365573972,
  "home_attempts": 39,
  "away_attempts": 224,
  "have_xg": true,
  "home_shot_pct": 14.828897338403042,
  "away_shot_pct": 85.17110266159696,
  "rel_off_pct": 30.16555453571837,
  "rel_def_pct": -13.448605382742764
}