{
  "team_xgs": 1.189223641869716,
  "other_xgs": 18.208699740270525,
  "team_goals": 0,
  "other_goals": 16,
  "team_attempts": 20,
  "other_attempts": 197,
  "team_seconds": 8501.0,
  "other_seconds": 8501.0,
  "team_xg_per60": 0.503611941034111,
  "other_xg_per60": 7.711012712030807,
  "n_games": 28,
  "game_ongoing": false,
  "time_remaining": null,
  "off_percentile": 25.0,
  "def_percentile": 59.375,
  "home_goals": 0,
  "away_goals": 16,
  "home_xg": 1.189223641869716,
  "away_xg": 18.208699740270525,
  "home_attempts": 20,
  "away_attempts": 197,
  "have_xg": true,
  "home_shot_pct": 9.216589861751151,
  "away_shot_pct": 90.78341013824885,
  "rel_off_pct": -39.15886291491282,
  "rel_def_pct": -6.45176262831866
}