{
  "team_xgs": 0.5817093869353578,
  "other_xgs": 22.134970369144977,
  "team_goals": 1,
  "other_goals": 11,
  "team_attempts": 21,
  "other_attempts": 240,
  "team_seconds": 8122.0,
  "other_seconds": 8122.0,
  "team_xg_per60": 0.25783720671845456,
  "other_xg_per60": 9.8111171298845,
  "n_games": 28,
  "game_ongoing": false,
  "time_remaining": null,
  "off_percentile": 9.375,
  "def_percentile": 0.0,
  "home_goals": 1,
  "away_goals": 11,
  "home_xg": 0.5817093869353578,
  "away_xg": 22.134970369144977,
  "home_attempts": 21,
  "away_attempts": 240,
  "have_xg": true,
  "home_shot_pct": 8.045977011494253,
  "away_shot_pct": 91.95402298850574,
  "rel_off_pct": -68.91832699761554,
  "rel_def_pct": 19.930435746378162
}