{
  "team_xgs": 1.9114011783339517,
  "other_xgs": 28.053681288727656,
  "team_goals": 2,
  "other_goals": 18,
  "team_attempts": 24,
  "other_attempts": 323,
  "team_seconds": 10517.0,
  "other_seconds": 10517.0,
  "team_xg_per60": 0.6542782392319317,
  "other_xg_per60": 9.602857529658605,
  "n_games": 31,
  "game_ongoing": false,
  "time_remaining": null,
  "off_percentile": 34.375,
  "def_percentile": 9.375,
  "home_goals": 2,
  "away_goals": 18,
  "home_xg": 1.9114011783339517,
  "away_xg": 28.053681288727656,
  "home_attempts": 24,
  "away_attempts": 323,
  "have_xg": true,
  "home_shot_pct": 6.916426512968299,
  "away_shot_pct": 93.0835734870317,
  "rel_off_pct": -20.46659729155315,
  "rel_def_pct": 17.276926601500623
}