{
  "team_xgs": 2.3218796178463412,
  "other_xgs": 19.190860483887313,
  "team_goals": 2,
  "other_goals": 16,
  "team_attempts": 26,
  "other_attempts": 211,
  "team_seconds": 7729.0,
  "other_seconds": 7729.0,
  "team_xg_per60": 1.0814809967973642,
  "other_xg_per60": 8.938685178159442,
  "n_games": 26,
  "game_ongoing": false,
  "time_remaining": null,
  "off_percentile": 78.125,
  "def_percentile": 31.25,
  "home_goals": 2,
  "away_goals": 16,
  "home_xg": 2.3218796178463412,
  "away_xg": 19.190860483887313,
  "home_attempts": 26,
  "away_attempts": 211,
  "have_xg": true,
  "home_shot_pct": 10.970464135021096,
  "away_shot_pct": 89.0295358649789,
  "rel_off_pct": 31.715384635810302,
  "rel_def_pct": 9.416848083986778
}