{
  "team_xgs": 2.6703660797794027,
  "other_xgs": 24.716581606068694,
  "team_goals": 3,
  "other_goals": 17,
  "team_attempts": 39,
  "other_attempts": 269,
  "team_seconds": 9503.0,
  "other_seconds": 9503.0,
  "team_xg_per60": 1.0116087432606387,
  "other_xg_per60": 9.363326715968357,
  "n_games": 31,
  "game_ongoing": false,
  "time_remaining": null,
  "off_percentile": 68.75,
  "def_percentile": 18.75,
  "home_goals": 3,
  "away_goals": 17,
  "home_xg": 2.6703660797794027,
  "away_xg": 24.716581606068694,
  "home_attempts": 39,
  "away_attempts": 269,
  "have_xg": true,
  "home_shot_pct": 12.662337662337663,
  "away_shot_pct": 87.33766233766234,
  "rel_off_pct": 22.553042588213568,
  "rel_def_pct": 14.688218923394517
}