{
  "team_xgs": 2.0017822258911226,
  "other_xgs": 18.146488644339414,
  "team_goals": 2,
  "other_goals": 20,
  "team_attempts": 24,
  "other_attempts": 203,
  "team_seconds": 6982.0,
  "other_seconds": 6982.0,
  "team_xg_per60": 1.0321420815250704,
  "other_xg_per60": 9.356539547353464,
  "n_games": 27,
  "game_ongoing": false,
  "time_remaining": null,
  "off_percentile": 75.0,
  "def_percentile": 21.875,
  "home_goals": 2,
  "away_goals": 20,
  "home_xg": 2.0017822258911226,
  "away_xg": 18.146488644339414,
  "home_attempts": 24,
  "away_attempts": 203,
  "have_xg": true,
  "home_shot_pct": 10.572687224669604,
  "away_shot_pct": 89.42731277533039,
  "rel_off_pct": 25.679952644876735,
  "rel_def_pct": 14.347973204800665
}