{
  "team_xgs": 0.5926433032613236,
  "other_xgs": 18.251572333205242,
  "team_goals": 0,
  "other_goals": 17,
  "team_attempts": 20,
  "other_attempts": 217,
  "team_seconds": 7493.0,
  "other_seconds": 7493.0,
  "team_xg_per60": 0.284734537800716,
  "other_xg_per60": 8.768939063064042,
  "n_games": 30,
  "game_ongoing": false,
  "time_remaining": null,
  "off_percentile": 12.5,
  "def_percentile": 34.375,
  "home_goals": 0,
  "away_goals": 17,
  "home_xg": 0.5926433032613236,
  "away_xg": 18.251572333205242,
  "home_attempts": 20,
  "away_attempts": 217,
  "have_xg": true,
  "home_shot_pct": 8.438818565400844,
  "away_shot_pct": 91.56118143459915,
  "rel_off_pct": -65.31782605381603,
  "rel_def_pct": 7.30385063391234
}