{
  "team_xgs": 2.0419303624116276,
  "other_xgs": 13.98882266530465,
  "team_goals": 1,
  "other_goals": 22,
  "team_attempts": 15,
  "other_attempts": 155,
  "team_seconds": 7765.0,
  "other_seconds": 7765.0,
  "team_xg_per60": 0.9466773090382304,
  "other_xg_per60": 6.485481209928749,
  "n_games": 29,
  "game_ongoing": false,
  "time_remaining": null,
  "off_percentile": 62.5,
  "def_percentile": 96.875,
  "home_goals": 1,
  "away_goals": 22,
  "home_xg": 2.0419303624116276,
  "away_xg": 13.98882266530465,
  "home_attempts": 15,
  "away_attempts": 155,
  "have_xg": true,
  "home_shot_pct": 8.823529411764707,
  "away_shot_pct": 91.17647058823529,
  "rel_off_pct": 15.02387222687446,
  "rel_def_pct": -20.661981776833258
}