{
  "team_xgs": 0.20571547464324974,
  "other_xgs": 15.263238405330542,
  "team_goals": 2,
  "other_goals": 12,
  "team_attempts": 14,
  "other_attempts": 181,
  "team_seconds": 6449.0,
  "other_seconds": 6449.0,
  "team_xg_per60": 0.1148357433269808,
  "other_xg_per60": 8.520337766970066,
  "n_games": 27,
  "game_ongoing": false,
  "time_remaining": null,
  "off_percentile": 3.125,
  "def_percentile": 37.5,
  "home_goals": 2,
  "away_goals": 12,
  "home_xg": 0.20571547464324974,
  "away_xg": 15.263238405330542,
  "home_attempts": 14,
  "away_attempts": 181,
  "have_xg": true,
  "home_shot_pct": 7.17948717948718,
  "away_shot_pct": 92.82051282051282,
  "rel_off_pct": -86.00728890196886,
  "rel_def_pct": 3.8351718174460347
}