{
  "team_xgs": 1.7448498224991327,
  "other_xgs": 13.805257808791065,
  "team_goals": 1,
  "other_goals": 12,
  "team_attempts": 24,
  "other_attempts": 160,
  "team_seconds": 6825.0,
  "other_seconds": 6825.0,
  "team_xg_per60": 0.9203603459336084,
  "other_xg_per60": 7.281894228812869,
  "n_games": 28,
  "game_ongoing": false,
  "time_remaining": null,
  "off_percentile": 56.25,
  "def_percentile": 71.875,
  "home_goals": 1,
  "away_goals": 12,
  "home_xg": 1.7448498224991327,
  "away_xg": 13.805257808791065,
  "home_attempts": 24,
  "away_attempts": 160,
  "have_xg": true,
  "home_shot_pct": 13.043478260869565,
  "away_shot_pct": 86.95652173913044,
  "rel_off_pct": 12.148758615248198,
  "rel_def_pct": -10.59717286842204
}