{
  "team_xgs": 2.116256707635621,
  "other_xgs": 24.072715999884753,
  "team_goals": 1,
  "other_goals": 18,
  "team_attempts": 33,
  "other_attempts": 265,
  "team_seconds": 10820.0,
  "other_seconds": 10820.0,
  "team_xg_per60": 0.7041149859046429,
  "other_xg_per60": 8.009406432494004,
  "n_games": 31,
  "game_ongoing": false,
  "time_remaining": null,
  "off_percentile": 37.5,
  "def_percentile": 53.125,
  "home_goals": 1,
  "away_goals": 18,
  "home_xg": 2.116256707635621,
  "away_xg": 24.072715999884753,
  "home_attempts": 33,
  "away_attempts": 265,
  "have_xg": true,
  "home_shot_pct": 11.073825503355705,
  "away_shot_pct": 88.9261744966443,
  "rel_off_pct": -14.545095257805793,
  "rel_def_pct": -1.8343397707091604
}