{
  "team_xgs": 0.9199370123364685,
  "other_xgs": 16.23021540107288,
  "team_goals": 1,
  "other_goals": 23,
  "team_attempts": 11,
  "other_attempts": 173,
  "team_seconds": 6177.0,
  "other_seconds": 6177.0,
  "team_xg_per60": 0.536145903255834,
  "other_xg_per60": 9.45908619780838,
  "n_games": 26,
  "game_ongoing": false,
  "time_remaining": null,
  "off_percentile": 28.125,
  "def_percentile": 15.625,
  "home_goals": 1,
  "away_goals": 23,
  "home_xg": 0.9199370123364685,
  "away_xg": 16.23021540107288,
  "home_attempts": 11,
  "away_attempts": 173,
  "have_xg": true,
  "home_shot_pct": 5.978260869565218,
  "away_shot_pct": 94.02173913043478,
  "rel_off_pct": -34.76223153196721,
  "rel_def_pct": 13.302838978606612
}