{
  "team_xgs": 1.887218851273467,
  "other_xgs": 20.99698282720577,
  "team_goals": 3,
  "other_goals": 14,
  "team_attempts": 25,
  "other_attempts": 264,
  "team_seconds": 8374.0,
  "other_seconds": 8374.0,
  "team_xg_per60": 0.8113193055391068,
  "other_xg_per60": 9.0266465462074,
  "n_games": 29,
  "game_ongoing": false,
  "time_remaining": null,
  "off_percentile": 46.875,
  "def_percentile": 28.125,
  "home_goals": 3,
  "away_goals": 14,
  "home_xg": 1.887218851273467,
  "away_xg": 20.99698282720577,
  "home_attempts": 25,
  "away_attempts": 264,
  "have_xg": true,
  "home_shot_pct": 8.650519031141869,
  "away_shot_pct": 91.34948096885813,
  "rel_off_pct": -1.3349148103467,
  "rel_def_pct": 10.564873370260393
}