{
  "team_xgs": 0.5189751626393946,
  "other_xgs": 21.575295865806442,
  "team_goals": 0,
  "other_goals": 22,
  "team_attempts": 28,
  "other_attempts": 231,
  "team_seconds": 8413.0,
  "other_seconds": 8413.0,
  "team_xg_per60": 0.22207424052083924,
  "other_xg_per60": 9.232267338274479,
  "n_games": 29,
  "game_ongoing": false,
  "time_remaining": null,
  "off_percentile": 6.25,
  "def_percentile": 25.0,
  "home_goals": 0,
  "away_goals": 22,
  "home_xg": 0.5189751626393946,
  "away_xg": 21.575295865806442,
  "home_attempts": 28,
  "away_attempts": 231,
  "have_xg": true,
  "home_shot_pct": 10.81081081081081,
  "away_shot_pct": 89.1891891891892,
  "rel_off_pct": -72.96493002292598,
  "rel_def_pct": 12.913201762549074
}