{
  "team_xgs": 1.2055868499021478,
  "other_xgs": 16.61167778308588,
  "team_goals": 1,
  "other_goals": 14,
  "team_attempts": 23,
  "other_attempts": 163,
  "team_seconds": 8061.0,
  "other_seconds": 8061.0,
  "team_xg_per60": 0.5384087159964933,
  "other_xg_per60": 7.418687510123951,
  "n_games": 26,
  "game_ongoing": false,
  "time_remaining": null,
  "off_percentile": 31.25,
  "def_percentile": 68.75,
  "home_goals": 1,
  "away_goals": 14,
  "home_xg": 1.2055868499021478,
  "away_xg": 16.61167778308588,
  "home_attempts": 23,
  "away_attempts": 163,
  "have_xg": true,
  "home_shot_pct": 12.365591397849462,
  "away_shot_pct": 87.63440860215054,
  "rel_off_pct": -34.32501205411233,
  "rel_def_pct": -8.974466861437067
}