{
  "team_xgs": 1.0711306514761452,
  "other_xgs": 16.40748536754335,
  "team_goals": 1,
  "other_goals": 13,
  "team_attempts": 23,
  "other_attempts": 197,
  "team_seconds": 8516.0,
  "other_seconds": 8516.0,
  "team_xg_per60": 0.4528029996846081,
  "other_xg_per60": 6.935996632592305,
  "n_games": 30,
  "game_ongoing": false,
  "time_remaining": null,
  "off_percentile": 18.75,
  "def_percentile": 81.25,
  "home_goals": 1,
  "away_goals": 13,
  "home_xg": 1.0711306514761452,
  "away_xg": 16.40748536754335,
  "home_attempts": 23,
  "away_attempts": 197,
  "have_xg": true,
  "home_shot_pct": 10.454545454545455,
  "away_shot_pct": 89.54545454545455,
  "rel_off_pct": -45.05921986612208,
  "rel_def_pct": -15.373647347718416
}