{
  "team_xgs": 2.1140197572554595,
  "other_xgs": 15.107316498769821,
  "team_goals": 4,
  "other_goals": 15,
  "team_attempts": 34,
  "other_attempts": 156,
  "team_seconds": 8072.0,
  "other_seconds": 8072.0,
  "team_xg_per60": 0.9428234794499077,
  "other_xg_per60": 6.73765354256335,
  "n_games": 28,
  "game_ongoing": false,
  "time_remaining": null,
  "off_percentile": 59.375,
  "def_percentile": 90.625,
  "home_goals": 4,
  "away_goals": 15,
  "home_xg": 2.1140197572554595,
  "away_xg": 15.107316498769821,
  "home_attempts": 34,
  "away_attempts": 156,
  "have_xg": true,
  "home_shot_pct": 17.894736842105264,
  "away_shot_pct": 82.10526315789474,
  "rel_off_pct": 14.820907068183905,
  "rel_def_pct": -17.680455652403026
}