{
  "team_xgs": 0.7740806688681452,
  "other_xgs": 12.498013964985756,
  "team_goals": 2,
  "other_goals": 15,
  "team_attempts": 22,
  "other_attempts": 147,
  "team_seconds": 6567.0,
  "other_seconds": 6567.0,
  "team_xg_per60": 0.42434755716846695,
  "other_xg_per60": 6.851355302870218,
  "n_games": 28,
  "game_ongoing": false,
  "time_remaining": null,
  "off_percentile": 15.625,
  "def_percentile": 84.375,
  "home_goals": 2,
  "away_goals": 15,
  "home_xg": 0.7740806688681452,
  "away_xg": 12.498013964985756,
  "home_attempts": 22,
  "away_attempts": 147,
  "have_xg": true,
  "home_shot_pct": 13.017751479289942,
  "away_shot_pct": 86.98224852071006,
  "rel_off_pct": -48.41971072598312,
  "rel_def_pct": -16.14720263070584
}