{
  "team_xgs": 4.096797433757952,
  "other_xgs": 18.806490230303403,
  "team_goals": 3,
  "other_goals": 24,
  "team_attempts": 44,
  "other_attempts": 217,
  "team_seconds": 9043.0,
  "other_seconds": 9043.0,
  "team_xg_per60": 1.6309267678346375,
  "other_xg_per60": 7.486825702653129,
  "n_games": 29,
  "game_ongoing": false,
  "time_remaining": null,
  "off_percentile": 100.0,
  "def_percentile": 62.5,
  "home_goals": 3,
  "away_goals": 24,
  "home_xg": 4.096797433757952,
  "away_xg": 18.806490230303403,
  "home_attempts": 44,
  "away_attempts": 217,
  "have_xg": true,
  "home_shot_pct": 16.85823754789272,
  "away_shot_pct": 83.14176245210729,
  "rel_off_pct": 95.44142859820694,
  "rel_def_pct": -8.925853885219112
}