{
  "team_xgs": 2.2929640510150606,
  "other_xgs": 21.939923384860855,
  "team_goals": 2,
  "other_goals": 18,
  "team_attempts": 30,
  "other_attempts": 229,
  "team_seconds": 8051.0,
  "other_seconds": 8051.0,
  "team_xg_per60": 1.0252975510687141,
  "other_xg_per60": 9.810424069742774,
  "n_games": 30,
  "game_ongoing": false,
  "time_remaining": null,
  "off_percentile": 71.875,
  "def_percentile": 3.125,
  "home_goals": 2,
  "away_goals": 18,
  "home_xg": 2.2929640510150606,
  "away_xg": 21.939923384860855,
  "home_attempts": 30,
  "away_attempts": 229,
  "have_xg": true,
  "home_shot_pct": 11.583011583011583,
  "away_shot_pct": 88.41698841698842,
  "rel_off_pct": 24.746466723116352,
  "rel_def_pct": 19.995800061397464
}