{
  "team_xgs": 2.658124090233548,
  "other_xgs": 20.839101797555177,
  "team_goals": 5,
  "other_goals": 13,
  "team_attempts": 35,
  "other_attempts": 224,
  "team_seconds": 7874.0,
  "other_seconds": 7874.0,
  "team_xg_per60": 1.2152967646483075,
  "other_xg_per60": 9.527656397155022,
  "n_games": 29,
  "game_ongoing": false,
  "time_remaining": null,
  "off_percentile": 87.5,
  "def_percentile": 12.5,
  "home_goals": 5,
  "away_goals": 13,
  "home_xg": 2.658124090233548,
  "away_xg": 20.839101797555177,
  "home_attempts": 35,
  "away_attempts": 224,
  "have_xg": true,
  "home_shot_pct": 13.513513513513514,
  "away_shot_pct": 86.48648648648648,
  "rel_off_pct": 48.13644092589471,
  "rel_def_pct": 16.788795329378072
}