{
  "team_xgs": 13.21794671338494,
  "other_xgs": 2.0487394142801243,
  "team_goals": 11,
  "other_goals": 0,
  "team_attempts": 197,
  "other_attempts": 29,
  "team_seconds": 10398.0,
  "other_seconds": 10398.0,
  "team_xg_per60": 4.576323155240025,
  "other_xg_per60": 0.7093154348344343,
  "n_games": 28,
  "game_ongoing": false,
  "time_remaining": null,
  "off_percentile": 9.375,
  "def_percentile": 59.375,
  "home_goals": 11,
  "away_goals": 0,
  "home_xg": 13.21794671338494,
  "away_xg": 2.0487394142801243,
  "home_attempts": 197,
  "away_attempts": 29,
  "have_xg": true,
  "home_shot_pct": 87.16814159292035,
  "away_shot_pct": 12.831858407079647,
  "rel_off_pct": -26.189853369303574,
  "rel_def_pct": -5.781546561891806
}