{
  "team_xgs": 16.11561868713846,
  "other_xgs": 2.110694905971222,
  "team_goals": 18,
  "other_goals": 1,
  "team_attempts": 201,
  "other_attempts": 22,
  "team_seconds": 8546.0,
  "other_seconds": 8546.0,
  "team_xg_per60": 6.788699657582314,
  "other_xg_per60": 0.889129611689258,
  "n_games": 29,
  "game_ongoing": false,
  "time_remaining": null,
  "off_percentile": 65.625,
  "def_percentile": 40.625,
  "home_goals": 18,
  "away_goals": 1,
  "home_xg": 16.11561868713846,
  "away_xg": 2.110694905971222,
  "home_attempts": 201,
  "away_attempts": 22,
  "have_xg": true,
  "home_shot_pct": 90.13452914798206,
  "away_shot_pct": 9.865470852017937,
  "rel_off_pct": 9.151892071227811,
  "rel_def_pct": 18.220607638310568
}