{
  "team_xgs": 18.257806361925937,
  "other_xgs": 2.2535604575163397,
  "team_goals": 16,
  "other_goals": 2,
  "team_attempts": 186,
  "other_attempts": 26,
  "team_seconds": 8405.0,
  "other_seconds": 8405.0,
  "team_xg_per60": 7.820119322181246,
  "other_xg_per60": 0.9652370787696398,
  "n_games": 25,
  "game_ongoing": false,
  "time_remaining": null,
  "off_percentile": 84.375,
  "def_percentile": 31.25,
  "home_goals": 16,
  "away_goals": 2,
  "home_xg": 18.257806361925937,
  "away_xg": 2.2535604575163397,
  "home_attempts": 186,
  "away_attempts": 26,
  "have_xg": true,
  "home_shot_pct": 87.73584905660377,
  "away_shot_pct": 12.264150943396226,
  "rel_off_pct": 24.25154026911803,
  "rel_def_pct": 28.752914438625933
}