{
  "team_xgs": 18.927112369717626,
  "other_xgs": 0.9067583180708181,
  "team_goals": 18,
  "other_goals": 1,
  "team_attempts": 280,
  "other_attempts": 24,
  "team_seconds": 12572.0,
  "other_seconds": 12572.0,
  "team_xg_per60": 5.419790369947777,
  "other_xg_per60": 0.25965080695632714,
  "n_games": 27,
  "game_ongoing": false,
  "time_remaining": null,
  "off_percentile": 34.375,
  "def_percentile": 87.5,
  "home_goals": 18,
  "away_goals": 1,
  "home_xg": 18.927112369717626,
  "away_xg": 0.9067583180708181,
  "home_attempts": 280,
  "away_attempts": 24,
  "have_xg": true,
  "home_shot_pct": 92.10526315789474,
  "away_shot_pct": 7.894736842105263,
  "rel_off_pct": -12.902972176070659,
  "rel_def_pct": -65.74341182856543
}