{
  "team_xgs": 24.02647971442596,
  "other_xgs": 2.9999148351648355,
  "team_goals": 21,
  "other_goals": 4,
  "team_attempts": 255,
  "other_attempts": 32,
  "team_seconds": 10579.0,
  "other_seconds": 10579.0,
  "team_xg_per60": 8.176134509115554,
  "other_xg_per60": 1.0208614620090186,
  "n_games": 29,
  "game_ongoing": false,
  "time_remaining": null,
  "off_percentile": 90.625,
  "def_percentile": 21.875,
  "home_goals": 21,
  "away_goals": 4,
  "home_xg": 24.02647971442596,
  "away_xg": 2.9999148351648355,
  "home_attempts": 255,
  "away_attempts": 32,
  "have_xg": true,
  "home_shot_pct": 88.85017421602788,
  "away_shot_pct": 11.149825783972126,
  "rel_off_pct": 31.54407889913785,
  "rel_def_pct": 35.623109643153335
}