{
  "team_xgs": 10.383489119038202,
  "other_xgs": 1.2666797422488967,
  "team_goals": 10,
  "other_goals": 0,
  "team_attempts": 198,
  "other_attempts": 33,
  "team_seconds": 8097.0,
  "other_seconds": 8097.0,
  "team_xg_per60": 4.616593902499386,
  "other_xg_per60": 0.5631773585397095,
  "n_games": 30,
  "game_ongoing": false,
  "time_remaining": null,
  "off_percentile": 15.625,
  "def_percentile": 75.0,
  "home_goals": 10,
  "away_goals": 0,
  "home_xg": 10.383489119038202,
  "away_xg": 1.2666797422488967,
  "home_attempts": 198,
  "away_attempts": 33,
  "have_xg": true,
  "home_shot_pct": 85.71428571428571,
  "away_shot_pct": 14.285714285714286,
  "rel_off_pct": -25.329885623583827,
  "rel_def_pct": -26.768122464271176
}