{
  "team_xgs": 16.77786035028862,
  "other_xgs": 1.043077370584875,
  "team_goals": 16,
  "other_goals": 0,
  "team_attempts": 197,
  "other_attempts": 21,
  "team_seconds": 7156.0,
  "other_seconds": 7156.0,
  "team_xg_per60": 8.44051107616532,
  "other_xg_per60": 0.5247454631226314,
  "n_games": 27,
  "game_ongoing": false,
  "time_remaining": null,
  "off_percentile": 96.875,
  "def_percentile": 78.125,
  "home_goals": 16,
  "away_goals": 0,
  "home_xg": 16.77786035028862,
  "away_xg": 1.043077370584875,
  "home_attempts": 197,
  "away_attempts": 21,
  "have_xg": true,
  "home_shot_pct": 90.36697247706422,
  "away_shot_pct": 9.63302752293578,
  "rel_off_pct": 36.1411744129646,
  "rel_def_pct": -30.50838288944205
}