{
  "team_xgs": 17.494906317591237,
  "other_xgs": 2.196760270774977,
  "team_goals": 24,
  "other_goals": 4,
  "team_attempts": 174,
  "other_attempts": 28,
  "team_seconds": 8869.0,
  "other_seconds": 8869.0,
  "team_xg_per60": 7.101326276167375,
  "other_xg_per60": 0.8916830504893356,
  "n_games": 28,
  "game_ongoing": false,
  "time_remaining": null,
  "off_percentile": 75.0,
  "def_percentile": 37.5,
  "home_goals": 24,
  "away_goals": 4,
  "home_xg": 17.494906317591237,
  "away_xg": 2.196760270774977,
  "home_attempts": 174,
  "away_attempts": 28,
  "have_xg": true,
  "home_shot_pct": 86.13861386138613,
  "away_shot_pct": 13.861386138613861,
  "rel_off_pct": 14.068541043610908,
  "rel_def_pct": 18.95275142625891
}