{
  "team_xgs": 15.740499007177887,
  "other_xgs": 1.0553303585303586,
  "team_goals": 18,
  "other_goals": 0,
  "team_attempts": 164,
  "other_attempts": 25,
  "team_seconds": 8300.0,
  "other_seconds": 8300.0,
  "team_xg_per60": 6.827204388655469,
  "other_xg_per60": 0.45773364948304707,
  "n_games": 29,
  "game_ongoing": false,
  "time_remaining": null,
  "off_percentile": 68.75,
  "def_percentile": 81.25,
  "home_goals": 18,
  "away_goals": 0,
  "home_xg": 15.740499007177887,
  "away_xg": 1.0553303585303586,
  "home_attempts": 164,
  "away_attempts": 25,
  "have_xg": true,
  "home_shot_pct": 86.77248677248677,
  "away_shot_pct": 13.227513227513228,
  "rel_off_pct": 8.667567957273583,
  "rel_def_pct": -39.25057084536893
}