{
  "team_xgs": 14.292192378506098,
  "other_xgs": 2.2249870488988135,
  "team_goals": 10,
  "other_goals": 2,
  "team_attempts": 221,
  "other_attempts": 29,
  "team_seconds": 8451.0,
  "other_seconds": 8451.0,
  "team_xg_per60": 6.088260864113353,
  "other_xg_per60": 0.9478113094350643,
  "n_games": 27,
  "game_ongoing": false,
  "time_remaining": null,
  "off_percentile": 43.75,
  "def_percentile": 34.375,
  "home_goals": 10,
  "away_goals": 2,
  "home_xg": 14.292192378506098,
  "away_xg": 2.2249870488988135,
  "home_attempts": 221,
  "away_attempts": 29,
  "have_xg": true,
  "home_shot_pct": 88.4,
  "away_shot_pct": 11.6,
  "rel_off_pct": -2.017774098742122,
  "rel_def_pct": 20.730171243495292
}