{
  "team_xgs": 17.862658632748882,
  "other_xgs": 0.6500555555555555,
  "team_goals": 21,
  "other_goals": 0,
  "team_attempts": 234,
  "other_attempts": 34,
  "team_seconds": 10218.0,
  "other_seconds": 10218.0,
  "team_xg_per60": 6.293361820111174,
  "other_xg_per60": 0.2290272068898023,
  "n_games": 29,
  "game_ongoing": false,
  "time_remaining": null,
  "off_percentile": 46.875,
  "def_percentile": 90.625,
  "home_goals": 21,
  "away_goals": 0,
  "home_xg": 17.862658632748882,
  "away_xg": 0.6500555555555555,
  "home_attempts": 234,
  "away_attempts": 34,
  "have_xg": true,
  "home_shot_pct": 87.31343283582089,
  "away_shot_pct": 12.686567164179104,
  "rel_off_pct": 0.28765083681653325,
  "rel_def_pct": -70.68427829052621
}