{
  "team_xgs": 15.251299280609846,
  "other_xgs": 1.867153882881824,
  "team_goals": 17,
  "other_goals": 1,
  "team_attempts": 212,
  "other_attempts": 22,
  "team_seconds": 8394.0,
  "other_seconds": 8394.0,
  "team_xg_per60": 6.540943222563194,
  "other_xg_per60": 0.8007807932302319,
  "n_games": 28,
  "game_ongoing": false,
  "time_remaining": null,
  "off_percentile": 56.25,
  "def_percentile": 46.875,
  "home_goals": 17,
  "away_goals": 1,
  "home_xg": 15.251299280609846,
  "away_xg": 1.867153882881824,
  "home_attempts": 212,
  "away_attempts": 22,
  "have_xg": true,
  "home_shot_pct": 90.5982905982906,
  "away_shot_pct": 9.401709401709402,
  "rel_off_pct": 5.430539476619014,
  "rel_def_pct": 6.708477274974507
}