{
  "team_xgs": 11.569794020565187,
  "other_xgs": 1.7425773809523808,
  "team_goals": 12,
  "other_goals": 3,
  "team_attempts": 183,
  "other_attempts": 27,
  "team_seconds": 9344.0,
  "other_seconds": 9344.0,
  "team_xg_per60": 4.457540504498573,
  "other_xg_per60": 0.6713697101272015,
  "n_games": 29,
  "game_ongoing": false,
  "time_remaining": null,
  "off_percentile": 6.25,
  "def_percentile": 62.5,
  "home_goals": 12,
  "away_goals": 3,
  "home_xg": 11.569794020565187,
  "away_xg": 1.7425773809523808,
  "home_attempts": 183,
  "away_attempts": 27,
  "have_xg": true,
  "home_shot_pct": 87.14285714285714,
  "away_shot_pct": 12.857142857142858,
  "rel_off_pct": -28.105554059994635,
  "rel_def_pct": -10.389478850545677
}