{
  "team_xgs": 15.335484886225679,
  "other_xgs": 3.4461055675197296,
  "team_goals": 17,
  "other_goals": 2,
  "team_attempts": 222,
  "other_attempts": 42,
  "team_seconds": 11966.0,
  "other_seconds": 11966.0,
  "team_xg_per60": 4.613717665921147,
  "other_xg_per60": 1.036769182940918,
  "n_games": 31,
  "game_ongoing": false,
  "time_remaining": null,
  "off_percentile": 12.5,
  "def_percentile": 18.75,
  "home_goals": 17,
  "away_goals": 2,
  "home_xg": 15.335484886225679,
  "away_xg": 3.4461055675197296,
  "home_attempts": 222,
  "away_attempts": 42,
  "have_xg": true,
  "home_shot_pct": 84.0909090909091,
  "away_shot_pct": 15.909090909090908,
  "rel_off_pct": -26.01791089205433,
  "rel_def_pct": 38.20012252204867
}