{
  "team_xgs": 16.82656721128435,
  "other_xgs": 1.6475093101343101,
  "team_goals": 13,
  "other_goals": 2,
  "team_attempts": 245,
  "other_attempts": 26,
  "team_seconds": 8947.0,
  "other_seconds": 8947.0,
  "team_xg_per60": 6.770497592558808,
  "other_xg_per60": 0.6629075127398588,
  "n_games": 30,
  "game_ongoing": false,
  "time_remaining": null,
  "off_percentile": 62.5,
  "def_percentile": 68.75,
  "home_goals": 13,
  "away_goals": 2,
  "home_xg": 16.82656721128435,
  "away_xg": 1.6475093101343101,
  "home_attempts": 245,
  "away_attempts": 26,
  "have_xg": true,
  "home_shot_pct": 90.4059040590406,
  "away_shot_pct": 9.59409594095941,
  "rel_off_pct": 8.9757371318736,
  "rel_def_pct": -11.76206298432036
}