{
  "team_xgs": 11.39058252242753,
  "other_xgs": 2.4418239954489955,
  "team_goals": 7,
  "other_goals": 3,
  "team_attempts": 192,
  "other_attempts": 23,
  "team_seconds": 7865.0,
  "other_seconds": 7865.0,
  "team_xg_per60": 5.213744066209677,
  "other_xg_per60": 1.117681676238574,
  "n_games": 27,
  "game_ongoing": false,
  "time_remaining": null,
  "off_percentile": 28.125,
  "def_percentile": 9.375,
  "home_goals": 7,
  "away_goals": 3,
  "home_xg": 11.39058252242753,
  "away_xg": 2.4418239954489955,
  "home_attempts": 192,
  "away_attempts": 23,
  "have_xg": true,
  "home_shot_pct": 89.30232558139535,
  "away_shot_pct": 10.69767441860465,
  "rel_off_pct": -16.18186552946214,
  "rel_def_pct": 48.73079353405841
}