{
  "team_xgs": 15.964573896358587,
  "other_xgs": 0.2500833333333333,
  "team_goals": 17,
  "other_goals": 0,
  "team_attempts": 128,
  "other_attempts": 14,
  "team_seconds": 7032.0,
  "other_seconds": 7032.0,
  "team_xg_per60": 8.172990049330336,
  "other_xg_per60": 0.12802901023890786,
  "n_games": 25,
  "game_ongoing": false,
  "time_remaining": null,
  "off_percentile": 87.5,
  "def_percentile": 93.75,
  "home_goals": 17,
  "away_goals": 0,
  "home_xg": 15.964573896358587,
  "away_xg": 0.2500833333333333,
  "home_attempts": 128,
  "away_attempts": 14,
  "have_xg": true,
  "home_shot_pct": 90.14084507042253,
  "away_shot_pct": 9.859154929577464,
  "rel_off_pct": 30.417433172353103,
  "rel_def_pct": -82.9212263293856
}