{
  "team_xgs": 13.491486978385035,
  "other_xgs": 2.7049213772338776,
  "team_goals": 12,
  "other_goals": 3,
  "team_attempts": 169,
  "other_attempts": 27,
  "team_seconds": 7550.0,
  "other_seconds": 7550.0,
  "team_xg_per60": 6.433026903600812,
  "other_xg_per60": 1.2897638355022463,
  "n_games": 28,
  "game_ongoing": false,
  "time_remaining": null,
  "off_percentile": 53.125,
  "def_percentile": 3.125,
  "home_goals": 12,
  "away_goals": 3,
  "home_xg": 13.491486978385035,
  "away_xg": 2.7049213772338776,
  "home_attempts": 169,
  "away_attempts": 27,
  "have_xg": true,
  "home_shot_pct": 86.22448979591837,
  "away_shot_pct": 13.775510204081632,
  "rel_off_pct": 3.772506833513452,
  "rel_def_pct": 71.30395729298084
}