{
  "team_xgs": 14.248435796359683,
  "other_xgs": 2.0095367965367967,
  "team_goals": 14,
  "other_goals": 3,
  "team_attempts": 209,
  "other_attempts": 32,
  "team_seconds": 10004.0,
  "other_seconds": 10004.0,
  "team_xg_per60": 5.127385932316559,
  "other_xg_per60": 0.7231439891575838,
  "n_games": 28,
  "game_ongoing": false,
  "time_remaining": null,
  "off_percentile": 21.875,
  "def_percentile": 56.25,
  "home_goals": 14,
  "away_goals": 3,
  "home_xg": 14.248435796359683,
  "away_xg": 2.0095367965367967,
  "home_attempts": 209,
  "away_attempts": 32,
  "have_xg": true,
  "home_shot_pct": 86.72199170124482,
  "away_shot_pct": 13.278008298755188,
  "rel_off_pct": -17.099241299328906,
  "rel_def_pct": -3.6717155345801293
}