{
  "team_xgs": 17.57508390620808,
  "other_xgs": 3.0510164493365712,
  "team_goals": 8,
  "other_goals": 4,
  "team_attempts": 221,
  "other_attempts": 38,
  "team_seconds": 12539.0,
  "other_seconds": 12539.0,
  "team_xg_per60": 5.045881016217328,
  "other_xg_per60": 0.875959743010739,
  "n_games": 29,
  "game_ongoing": false,
  "time_remaining": null,
  "off_percentile": 18.75,
  "def_percentile": 43.75,
  "home_goals": 8,
  "away_goals": 4,
  "home_xg": 17.57508390620808,
  "away_xg": 3.0510164493365712,
  "home_attempts": 221,
  "away_attempts": 38,
  "have_xg": true,
  "home_shot_pct": 85.32818532818533,
  "away_shot_pct": 14.671814671814673,
  "rel_off_pct": -18.547215930320057,
  "rel_def_pct": 16.279309186202315
}