{
  "team_xgs": 12.306547398366398,
  "other_xgs": 2.387919688133504,
  "team_goals": 14,
  "other_goals": 1,
  "team_attempts": 194,
  "other_attempts": 32,
  "team_seconds": 8190.0,
  "other_seconds": 8190.0,
  "team_xg_per60": 5.409471383897318,
  "other_xg_per60": 1.049635027750991,
  "n_games": 30,
  "game_ongoing": false,
  "time_remaining": null,
  "off_percentile": 31.25,
  "def_percentile": 15.625,
  "home_goals": 14,
  "away_goals": 1,
  "home_xg": 12.306547398366398,
  "away_xg": 2.387919688133504,
  "home_attempts": 194,
  "away_attempts": 32,
  "have_xg": true,
  "home_shot_pct": 85.84070796460178,
  "away_shot_pct": 14.15929203539823,
  "rel_off_pct": -12.984474498386358,
  "rel_def_pct": 39.50349727209046
}