{
  "team_xgs": 14.216444854389245,
  "other_xgs": 0.8213046188146892,
  "team_goals": 15,
  "other_goals": 0,
  "team_attempts": 224,
  "other_attempts": 21,
  "team_seconds": 9397.0,
  "other_seconds": 9397.0,
  "team_xg_per60": 5.446334093412928,
  "other_xg_per60": 0.3146426122946559,
  "n_games": 29,
  "game_ongoing": false,
  "time_remaining": null,
  "off_percentile": 40.625,
  "def_percentile": 84.375,
  "home_goals": 15,
  "away_goals": 0,
  "home_xg": 14.216444854389245,
  "away_xg": 0.8213046188146892,
  "home_attempts": 224,
  "away_attempts": 21,
  "have_xg": true,
  "home_shot_pct": 91.42857142857143,
  "away_shot_pct": 8.571428571428571,
  "rel_off_pct": -12.163887845223833,
  "rel_def_pct": -58.26973244515046
}