{
  "team_xgs": 10.228557608642353,
  "other_xgs": 1.5550000000000002,
  "team_goals": 9,
  "other_goals": 1,
  "team_attempts": 152,
  "other_attempts": 15,
  "team_seconds": 7148.0,
  "other_seconds": 7148.0,
  "team_xg_per60": 5.1514839663000105,
  "other_xg_per60": 0.7831561275881366,
  "n_games": 28,
  "game_ongoing": false,
  "time_remaining": null,
  "off_percentile": 25.0,
  "def_percentile": 50.0,
  "home_goals": 9,
  "away_goals": 1,
  "home_xg": 10.228557608642353,
  "away_xg": 1.5550000000000002,
  "home_attempts": 152,
  "away_attempts": 15,
  "have_xg": true,
  "home_shot_pct": 91.01796407185628,
  "away_shot_pct": 8.982035928143713,
  "rel_off_pct": -16.872039538254317,
  "rel_def_pct": 3.5169684838985344
}