{
  "team_xgs": 11.060445826485154,
  "other_xgs": 1.6489606643356645,
  "team_goals": 14,
  "other_goals": 1,
  "team_attempts": 213,
  "other_attempts": 27,
  "team_seconds": 8942.0,
  "other_seconds": 8942.0,
  "team_xg_per60": 4.452874633789595,
  "other_xg_per60": 0.6638624906741659,
  "n_games": 28,
  "game_ongoing": false,
  "time_remaining": null,
  "off_percentile": 3.125,
  "def_percentile": 65.625,
  "home_goals": 14,
  "away_goals": 1,
  "home_xg": 11.060445826485154,
  "away_xg": 1.6489606643356645,
  "home_attempts": 213,
  "away_attempts": 27,
  "have_xg": true,
  "home_shot_pct": 88.75,
  "away_shot_pct": 11.25,
  "rel_off_pct": -28.180108177938457,
  "rel_def_pct": -14.814743919478456
}