{
  "team_xgs": 13.134558775542082,
  "other_xgs": 1.191820701357466,
  "team_goals": 12,
  "other_goals": 1,
  "team_attempts": 181,
  "other_attempts": 17,
  "team_seconds": 7150.0,
  "other_seconds": 7150.0,
  "team_xg_per60": 6.613204418454755,
  "other_xg_per60": 0.6000775559282346,
  "n_games": 26,
  "game_ongoing": false,
  "time_remaining": null,
  "off_percentile": 59.375,
  "def_percentile": 71.875,
  "home_goals": 12,
  "away_goals": 1,
  "home_xg": 13.134558775542082,
  "away_xg": 1.191820701357466,
  "home_attempts": 181,
  "away_attempts": 17,
  "have_xg": true,
  "home_shot_pct": 91.41414141414141,
  "away_shot_pct": 8.585858585858587,
  "rel_off_pct": 6.696773795523665,
  "rel_def_pct": -22.513134848614687
}