{
  "team_xgs": 18.088393932023926,
  "other_xgs": 2.5494859466513877,
  "team_goals": 14,
  "other_goals": 4,
  "team_attempts": 263,
  "other_attempts": 31,
  "team_seconds": 9343.0,
  "other_seconds": 9343.0,
  "team_xg_per60": 6.969733292870185,
  "other_xg_per60": 0.9823557110077058,
  "n_games": 29,
  "game_ongoing": false,
  "time_remaining": null,
  "off_percentile": 71.875,
  "def_percentile": 25.0,
  "home_goals": 14,
  "away_goals": 4,
  "home_xg": 18.088393932023926,
  "away_xg": 2.5494859466513877,
  "home_attempts": 263,
  "away_attempts": 31,
  "have_xg": true,
  "home_shot_pct": 89.45578231292517,
  "away_shot_pct": 10.54421768707483,
  "rel_off_pct": 12.614098465172038,
  "rel_def_pct": 30.071085649626927
}