{
  "team_xgs": 17.193297581841385,
  "other_xgs": 2.043493718699601,
  "team_goals": 25,
  "other_goals": 2,
  "team_attempts": 152,
  "other_attempts": 25,
  "team_seconds": 7548.0,
  "other_seconds": 7548.0,
  "team_xg_per60": 8.200300913437863,
  "other_xg_per60": 0.974639293497425,
  "n_games": 26,
  "game_ongoing": false,
  "time_remaining": null,
  "off_percentile": 93.75,
  "def_percentile": 28.125,
  "home_goals": 25,
  "away_goals": 2,
  "home_xg": 17.193297581841385,
  "away_xg": 2.043493718699601,
  "home_attempts": 152,
  "away_attempts": 25,
  "have_xg": true,
  "home_shot_pct": 85.87570621468926,
  "away_shot_pct": 14.124293785310735,
  "rel_off_pct": 31.804426075931254,
  "rel_def_pct": 29.737036476955936
}