{
  "season": "20252026",
  "total_left_seconds": 286790.0,
  "total_left_xg": 491.4138929738962,
  "xg_per60": 6.1685903089578655,
  "xg_per60_right": 0.7491434187005979
}