{
  "team_xgs": 18.18164998791938,
  "other_xgs": 1.8243849206349205,
  "team_goals": 19,
  "other_goals": 1,
  "team_attempts": 212,
  "other_attempts": 27,
  "team_seconds": 8745.0,
  "other_seconds": 8745.0,
  "team_xg_per60": 7.484727267754117,
  "other_xg_per60": 0.7510332434860737,
  "n_games": 28,
  "game_ongoing": false,
  "time_remaining": null,
  "off_percentile": 81.25,
  "def_percentile": 53.125,
  "home_goals": 19,
  "away_goals": 1,
  "home_xg": 18.18164998791938,
  "away_xg": 1.8243849206349205,
  "home_attempts": 212,
  "away_attempts": 27,
  "have_xg": true,
  "home_shot_pct": 88.7029288702929,
  "away_shot_pct": 11.297071129707113,
  "rel_off_pct": 20.786029711417655,
  "rel_def_pct": -0.6932840690815238
}