{
  "team_xgs": 15.208399969167141,
  "other_xgs": 3.3174977598566313,
  "team_goals": 10,
  "other_goals": 3,
  "team_attempts": 219,
  "other_attempts": 37,
  "team_seconds": 8564.0,
  "other_seconds": 8564.0,
  "team_xg_per60": 6.393068646543871,
  "other_xg_per60": 1.3945576757921383,
  "n_games": 29,
  "game_ongoing": false,
  "time_remaining": null,
  "off_percentile": 50.0,
  "def_percentile": 0.0,
  "home_goals": 10,
  "away_goals": 3,
  "home_xg": 15.208399969167141,
  "away_xg": 3.3174977598566313,
  "home_attempts": 219,
  "away_attempts": 37,
  "have_xg": true,
  "home_shot_pct": 85.546875,
  "away_shot_pct": 14.453125,
  "rel_off_pct": 0.2696422390428708,
  "rel_def_pct": 82.03402233185575
}