{
  "team_xgs": 16.700971820290412,
  "other_xgs": 1.8085499986124987,
  "team_goals": 22,
  "other_goals": 3,
  "team_attempts": 170,
  "other_attempts": 21,
  "team_seconds": 6143.0,
  "other_seconds": 6143.0,
  "team_xg_per60": 9.787318664015219,
  "other_xg_per60": 1.0598697696573327,
  "n_games": 29,
  "game_ongoing": false,
  "time_remaining": null,
  "off_percentile": 100.0,
  "def_percentile": 12.5,
  "home_goals": 22,
  "away_goals": 3,
  "home_xg": 16.700971820290412,
  "away_xg": 1.8085499986124987,
  "home_attempts": 170,
  "away_attempts": 21,
  "have_xg": true,
  "home_shot_pct": 89.00523560209425,
  "away_shot_pct": 10.99476439790576,
  "rel_off_pct": 51.16531513989019,
  "rel_def_pct": 40.75533000170347
}