{
  "team_xgs": 18.546719257113338,
  "other_xgs": 2.8955407786657785,
  "team_goals": 19,
  "other_goals": 3,
  "team_attempts": 228,
  "other_attempts": 34,
  "team_seconds": 9264.0,
  "other_seconds": 9264.0,
  "team_xg_per60": 7.207274322712437,
  "other_xg_per60": 1.1252101471499139,
  "n_games": 30,
  "game_ongoing": false,
  "time_remaining": null,
  "off_percentile": 78.125,
  "def_percentile": 6.25,
  "home_goals": 19,
  "away_goals": 3,
  "home_xg": 18.546719257113338,
  "away_xg": 2.8955407786657785,
  "home_attempts": 228,
  "away_attempts": 34,
  "have_xg": true,
  "home_shot_pct": 87.02290076335878,
  "away_shot_pct": 12.977099236641221,
  "rel_off_pct": 16.162711150098804,
  "rel_def_pct": 49.22330142068042
}