{
  "team_xgs": 16.77634683018969,
  "other_xgs": 0.27683322070086774,
  "team_goals": 13,
  "other_goals": 1,
  "team_attempts": 241,
  "other_attempts": 26,
  "team_seconds": 11124.0,
  "other_seconds": 11124.0,
  "team_xg_per60": 5.429238456372068,
  "other_xg_per60": 0.08959003906176949,
  "n_games": 29,
  "game_ongoing": false,
  "time_remaining": null,
  "off_percentile": 37.5,
  "def_percentile": 96.875,
  "home_goals": 13,
  "away_goals": 1,
  "home_xg": 16.77634683018969,
  "away_xg": 0.27683322070086774,
  "home_attempts": 241,
  "away_attempts": 26,
  "have_xg": true,
  "home_shot_pct": 90.2621722846442,
  "away_shot_pct": 9.737827715355806,
  "rel_off_pct": -12.715970841490861,
  "rel_def_pct": -88.16178903171945
}