team,team_xg_per60,league_avg_xg_per60,relative_off_per60,other_xg_per60,relative_def_per60,rel_off_pct,rel_def_pct,team_xgs,team_seconds
PHI,2.260799785280441,2.2246465943073286,0.0,2.4161061274270295,0.15679366381292903,0.0,7.048025705033329,45.98843563224631,73230.0
