{
  "total_left_seconds": 25146.0,
  "total_left_xg": 3.8527362437937236,
  "stats": {
    "season": "20252026",
    "total_left_seconds": 25146.0,
    "total_left_xg": 3.8527362437937236,
    "xg_per60": 0.5515728337571544,
    "n_teams": 3
  },
  "per_team": {
    "PHI": {
      "seconds": 7414.0,
      "out_path": null,
      "df_filtered_shape": [
        371,
        26
      ],
      "summary_stats": {
        "team_xgs": 1.8850125298991722,
        "other_xgs": 16.302275352858985,
        "team_goals": 1,
        "other_goals": 12,
        "team_seconds": 7414.0,
        "other_seconds": 7414.0,
        "team_xg_per60": 0.9153014712216104,
        "other_xg_per60": 7.915860705461607,
        "n_games": 25,
        "game_ongoing": false,
        "time_remaining": null
      }
    },
    "EDM": {
      "seconds": 10281.0,
      "out_path": null,
      "df_filtered_shape": [
        331,
        26
      ],
      "summary_stats": {
        "team_xgs": 1.4521757220599116,
        "other_xgs": 17.784189432120243,
        "team_goals": 1,
        "other_goals": 15,
        "team_seconds": 10281.0,
        "other_seconds": 10281.0,
        "team_xg_per60": 0.5084945627288865,
        "other_xg_per60": 6.22732048979991,
        "n_games": 26,
        "game_ongoing": false,
        "time_remaining": null
      }
    },
    "TOR": {
      "seconds": 7451.0,
      "out_path": null,
      "df_filtered_shape": [
        389,
        26
      ],
      "summary_stats": {
        "team_xgs": 0.5358166954005048,
        "other_xgs": 20.53153826391509,
        "team_goals": 1,
        "other_goals": 10,
        "team_seconds": 7451.0,
        "other_seconds": 7451.0,
        "team_xg_per60": 0.25888338524249327,
        "other_xg_per60": 9.919948698173979,
        "n_games": 25,
        "game_ongoing": false,
        "time_remaining": null
      }
    }
  }
}