team,team_xg_per60,league_avg_xg_per60,relative_off_per60,other_xg_per60,relative_def_per60,rel_off_pct,rel_def_pct,team_xgs,team_seconds
PHI,0.9153014712216104,0.5515728337571544,0.36037502018720846,7.915860705461607,7.305507601037232,65.33589004600502,1324.4864782904972,1.8850125298991722,7414.0
EDM,0.5084945627288865,0.5515728337571544,-0.0453628045852299,6.227320489799909,5.646524587684059,-8.224263743417458,1023.7133234466189,1.4521757220599116,10281.0
TOR,0.25888338524249327,0.5515728337571544,-0.29599320973388993,9.919948698173977,9.286327812209366,-53.66348587505115,1683.60862679795,0.5358166954005048,7451.0
