{
  "team_xgs": 20.755273392241993,
  "other_xgs": 0.7674102383119779,
  "team_goals": 21,
  "other_goals": 0,
  "team_attempts": 238,
  "other_attempts": 34,
  "team_seconds": 9722.0,
  "other_seconds": 9722.0,
  "team_xg_per60": 7.685556903113678,
  "other_xg_per60": 0.2841675435016581,
  "n_games": 29,
  "game_ongoing": false,
  "time_remaining": null,
  "off_percentile": 40.625,
  "def_percentile": 93.75,
  "home_goals": 21,
  "away_goals": 0,
  "home_xg": 20.755273392241993,
  "away_xg": 0.7674102383119779,
  "home_attempts": 238,
  "away_attempts": 34,
  "have_xg": true,
  "home_shot_pct": 87.5,
  "away_shot_pct": 12.5,
  "rel_off_pct": -6.190571728399865,
  "rel_def_pct": -65.53927942328302
}