{
  "team_xgs": 14.718690659882956,
  "other_xgs": 2.9042682758474196,
  "team_goals": 13,
  "other_goals": 3,
  "team_attempts": 169,
  "other_attempts": 28,
  "team_seconds": 6887.0,
  "other_seconds": 6887.0,
  "team_xg_per60": 7.693812454708675,
  "other_xg_per60": 1.5181306509439105,
  "n_games": 28,
  "game_ongoing": false,
  "time_remaining": null,
  "off_percentile": 43.75,
  "def_percentile": 3.125,
  "home_goals": 13,
  "away_goals": 3,
  "home_xg": 14.718690659882956,
  "away_xg": 2.9042682758474196,
  "home_attempts": 169,
  "away_attempts": 28,
  "have_xg": true,
  "home_shot_pct": 85.78680203045685,
  "away_shot_pct": 14.213197969543147,
  "rel_off_pct": -5.630239024721319,
  "rel_def_pct": 84.50877382355877
}