{
  "team_xgs": 21.13207417545016,
  "other_xgs": 2.1317932560593067,
  "team_goals": 13,
  "other_goals": 2,
  "team_attempts": 245,
  "other_attempts": 26,
  "team_seconds": 7196.0,
  "other_seconds": 7196.0,
  "team_xg_per60": 10.571910371264671,
  "other_xg_per60": 1.0664891219863124,
  "n_games": 30,
  "game_ongoing": false,
  "time_remaining": null,
  "off_percentile": 96.875,
  "def_percentile": 18.75,
  "home_goals": 13,
  "away_goals": 2,
  "home_xg": 21.13207417545016,
  "away_xg": 2.1317932560593067,
  "home_attempts": 245,
  "away_attempts": 26,
  "have_xg": true,
  "home_shot_pct": 90.4059040590406,
  "away_shot_pct": 9.59409594095941,
  "rel_off_pct": 29.443670718341842,
  "rel_def_pct": 28.680973847779956
}