{
  "team_xgs": 19.584508937649773,
  "other_xgs": 2.1095744110228924,
  "team_goals": 23,
  "other_goals": 4,
  "team_attempts": 174,
  "other_attempts": 21,
  "team_seconds": 6387.0,
  "other_seconds": 6387.0,
  "team_xg_per60": 11.03870865438221,
  "other_xg_per60": 1.1890508657714751,
  "n_games": 29,
  "game_ongoing": false,
  "time_remaining": null,
  "off_percentile": 100.0,
  "def_percentile": 12.5,
  "home_goals": 23,
  "away_goals": 4,
  "home_xg": 19.584508937649773,
  "away_xg": 2.1095744110228924,
  "home_attempts": 174,
  "away_attempts": 21,
  "have_xg": true,
  "home_shot_pct": 89.23076923076923,
  "away_shot_pct": 10.76923076923077,
  "rel_off_pct": 30.84588858367448,
  "rel_def_pct": 44.655821118017464
}