{
  "team_xgs": 17.594033638535866,
  "other_xgs": 3.3438189938689553,
  "team_goals": 10,
  "other_goals": 3,
  "team_attempts": 219,
  "other_attempts": 37,
  "team_seconds": 8564.0,
  "other_seconds": 8564.0,
  "team_xg_per60": 7.395903911575095,
  "other_xg_per60": 1.4056221833171694,
  "n_games": 29,
  "game_ongoing": false,
  "time_remaining": null,
  "off_percentile": 21.875,
  "def_percentile": 6.25,
  "home_goals": 10,
  "away_goals": 3,
  "home_xg": 17.594033638535866,
  "away_xg": 3.3438189938689553,
  "home_attempts": 219,
  "away_attempts": 37,
  "have_xg": true,
  "home_shot_pct": 85.546875,
  "away_shot_pct": 14.453125,
  "rel_off_pct": -11.075078427742582,
  "rel_def_pct": 66.34249765477622
}