{
  "team_xgs": 15.313230151527637,
  "other_xgs": 1.599647871249175,
  "team_goals": 10,
  "other_goals": 0,
  "team_attempts": 199,
  "other_attempts": 34,
  "team_seconds": 8304.0,
  "other_seconds": 8304.0,
  "team_xg_per60": 6.638683591702733,
  "other_xg_per60": 0.6934889615242089,
  "n_games": 30,
  "game_ongoing": false,
  "time_remaining": null,
  "off_percentile": 6.25,
  "def_percentile": 53.125,
  "home_goals": 10,
  "away_goals": 0,
  "home_xg": 15.313230151527637,
  "away_xg": 1.599647871249175,
  "home_attempts": 199,
  "away_attempts": 34,
  "have_xg": true,
  "home_shot_pct": 85.4077253218884,
  "away_shot_pct": 14.592274678111588,
  "rel_off_pct": -18.690588377652485,
  "rel_def_pct": -15.718604939415151
}