{
  "team_xgs": 20.51650687477181,
  "other_xgs": 2.5537908837690044,
  "team_goals": 18,
  "other_goals": 3,
  "team_attempts": 244,
  "other_attempts": 45,
  "team_seconds": 10662.0,
  "other_seconds": 10662.0,
  "team_xg_per60": 6.9273517866421415,
  "other_xg_per60": 0.8622816715033217,
  "n_games": 31,
  "game_ongoing": false,
  "time_remaining": null,
  "off_percentile": 12.5,
  "def_percentile": 40.625,
  "home_goals": 18,
  "away_goals": 3,
  "home_xg": 20.51650687477181,
  "away_xg": 2.5537908837690044,
  "home_attempts": 244,
  "away_attempts": 45,
  "have_xg": true,
  "home_shot_pct": 84.42906574394463,
  "away_shot_pct": 15.570934256055363,
  "rel_off_pct": -15.091182623950248,
  "rel_def_pct": 5.074548020945737
}