{
  "team_xgs": 14.082341847617418,
  "other_xgs": 0.7883164548617569,
  "team_goals": 9,
  "other_goals": 1,
  "team_attempts": 169,
  "other_attempts": 15,
  "team_seconds": 6327.0,
  "other_seconds": 6327.0,
  "team_xg_per60": 8.012712288829256,
  "other_xg_per60": 0.4485442132926071,
  "n_games": 28,
  "game_ongoing": false,
  "time_remaining": null,
  "off_percentile": 53.125,
  "def_percentile": 87.5,
  "home_goals": 9,
  "away_goals": 1,
  "home_xg": 14.082341847617418,
  "away_xg": 0.7883164548617569,
  "home_attempts": 169,
  "away_attempts": 15,
  "have_xg": true,
  "home_shot_pct": 91.84782608695652,
  "away_shot_pct": 8.152173913043478,
  "rel_off_pct": -1.897138005842532,
  "rel_def_pct": -45.513164908978794
}