{
  "team_xgs": 21.23388468974676,
  "other_xgs": 3.5424873814493223,
  "team_goals": 11,
  "other_goals": 4,
  "team_attempts": 237,
  "other_attempts": 42,
  "team_seconds": 10255.0,
  "other_seconds": 10255.0,
  "team_xg_per60": 7.454118467390379,
  "other_xg_per60": 1.2435840636974704,
  "n_games": 30,
  "game_ongoing": false,
  "time_remaining": null,
  "off_percentile": 25.0,
  "def_percentile": 9.375,
  "home_goals": 11,
  "away_goals": 4,
  "home_xg": 21.23388468974676,
  "away_xg": 3.5424873814493223,
  "home_attempts": 237,
  "away_attempts": 42,
  "have_xg": true,
  "home_shot_pct": 84.94623655913979,
  "away_shot_pct": 15.053763440860216,
  "rel_off_pct": -8.64008148227448,
  "rel_def_pct": 51.12891682585789
}