{
  "team_xgs": 20.28841694432618,
  "other_xgs": 1.5076985051692788,
  "team_goals": 14,
  "other_goals": 1,
  "team_attempts": 262,
  "other_attempts": 28,
  "team_seconds": 9712.0,
  "other_seconds": 9712.0,
  "team_xg_per60": 7.520418142460281,
  "other_xg_per60": 0.5588668264630771,
  "n_games": 29,
  "game_ongoing": false,
  "time_remaining": null,
  "off_percentile": 31.25,
  "def_percentile": 78.125,
  "home_goals": 14,
  "away_goals": 1,
  "home_xg": 20.28841694432618,
  "away_xg": 1.5076985051692788,
  "home_attempts": 262,
  "away_attempts": 28,
  "have_xg": true,
  "home_shot_pct": 90.34482758620689,
  "away_shot_pct": 9.655172413793103,
  "rel_off_pct": -7.784758339025704,
  "rel_def_pct": -32.067523551063395
}