{
  "team_xgs": 16.092443868698346,
  "other_xgs": 1.360196795635769,
  "team_goals": 18,
  "other_goals": 0,
  "team_attempts": 165,
  "other_attempts": 26,
  "team_seconds": 7705.0,
  "other_seconds": 7705.0,
  "team_xg_per60": 7.518857615485276,
  "other_xg_per60": 0.6355234866046422,
  "n_games": 29,
  "game_ongoing": false,
  "time_remaining": null,
  "off_percentile": 28.125,
  "def_percentile": 65.625,
  "home_goals": 18,
  "away_goals": 0,
  "home_xg": 16.092443868698346,
  "away_xg": 1.360196795635769,
  "home_attempts": 165,
  "away_attempts": 26,
  "have_xg": true,
  "home_shot_pct": 86.38743455497382,
  "away_shot_pct": 13.612565445026178,
  "rel_off_pct": -8.17023794334896,
  "rel_def_pct": -22.645356647931198
}