{
  "team_xgs": 19.19709804033848,
  "other_xgs": 2.1574955230508044,
  "team_goals": 26,
  "other_goals": 4,
  "team_attempts": 187,
  "other_attempts": 29,
  "team_seconds": 8085.0,
  "other_seconds": 8085.0,
  "team_xg_per60": 8.547872967868711,
  "other_xg_per60": 0.9606659100782803,
  "n_games": 28,
  "game_ongoing": false,
  "time_remaining": null,
  "off_percentile": 65.625,
  "def_percentile": 31.25,
  "home_goals": 26,
  "away_goals": 4,
  "home_xg": 19.19709804033848,
  "away_xg": 2.1574955230508044,
  "home_attempts": 187,
  "away_attempts": 29,
  "have_xg": true,
  "home_shot_pct": 86.57407407407408,
  "away_shot_pct": 13.425925925925926,
  "rel_off_pct": 4.322817709578182,
  "rel_def_pct": 17.098732651088
}