{
  "team_xgs": 17.433603989032044,
  "other_xgs": 1.4321430835386588,
  "team_goals": 14,
  "other_goals": 3,
  "team_attempts": 215,
  "other_attempts": 32,
  "team_seconds": 9532.0,
  "other_seconds": 9532.0,
  "team_xg_per60": 6.58423986157316,
  "other_xg_per60": 0.5408849245425065,
  "n_games": 29,
  "game_ongoing": false,
  "time_remaining": null,
  "off_percentile": 3.125,
  "def_percentile": 81.25,
  "home_goals": 14,
  "away_goals": 3,
  "home_xg": 17.433603989032044,
  "away_xg": 1.4321430835386588,
  "home_attempts": 215,
  "away_attempts": 32,
  "have_xg": true,
  "home_shot_pct": 87.04453441295547,
  "away_shot_pct": 12.955465587044534,
  "rel_off_pct": -19.07522505155277,
  "rel_def_pct": -34.09197077180424
}