{
  "team_xgs": 19.820703527292316,
  "other_xgs": 1.3412957485593031,
  "team_goals": 18,
  "other_goals": 1,
  "team_attempts": 212,
  "other_attempts": 22,
  "team_seconds": 7642.0,
  "other_seconds": 7642.0,
  "team_xg_per60": 9.337154239499128,
  "other_xg_per60": 0.6318587666597084,
  "n_games": 28,
  "game_ongoing": false,
  "time_remaining": null,
  "off_percentile": 84.375,
  "def_percentile": 71.875,
  "home_goals": 18,
  "away_goals": 1,
  "home_xg": 19.820703527292316,
  "away_xg": 1.3412957485593031,
  "home_attempts": 212,
  "away_attempts": 22,
  "have_xg": true,
  "home_shot_pct": 90.5982905982906,
  "away_shot_pct": 9.401709401709402,
  "rel_off_pct": 14.431259723158965,
  "rel_def_pct": -22.99070874738186
}