{
  "team_xgs": 17.105417047250647,
  "other_xgs": 1.4948304515096762,
  "team_goals": 24,
  "other_goals": 2,
  "team_attempts": 154,
  "other_attempts": 25,
  "team_seconds": 6288.0,
  "other_seconds": 6288.0,
  "team_xg_per60": 9.793177698807623,
  "other_xg_per60": 0.8558189607879826,
  "n_games": 26,
  "game_ongoing": false,
  "time_remaining": null,
  "off_percentile": 90.625,
  "def_percentile": 43.75,
  "home_goals": 24,
  "away_goals": 2,
  "home_xg": 17.105417047250647,
  "away_xg": 1.4948304515096762,
  "home_attempts": 154,
  "away_attempts": 25,
  "have_xg": true,
  "home_shot_pct": 86.03351955307262,
  "away_shot_pct": 13.966480446927374,
  "rel_off_pct": 19.959880720630515,
  "rel_def_pct": 4.123971201929792
}