{
  "team_xgs": 17.003625131574545,
  "other_xgs": 1.169843683284037,
  "team_goals": 11,
  "other_goals": 0,
  "team_attempts": 203,
  "other_attempts": 30,
  "team_seconds": 8139.0,
  "other_seconds": 8139.0,
  "team_xg_per60": 7.5209547209323455,
  "other_xg_per60": 0.5174391522081992,
  "n_games": 28,
  "game_ongoing": false,
  "time_remaining": null,
  "off_percentile": 34.375,
  "def_percentile": 84.375,
  "home_goals": 11,
  "away_goals": 0,
  "home_xg": 17.003625131574545,
  "away_xg": 1.169843683284037,
  "home_attempts": 203,
  "away_attempts": 30,
  "have_xg": true,
  "home_shot_pct": 87.12446351931331,
  "away_shot_pct": 12.875536480686696,
  "rel_off_pct": -7.771986840175568,
  "rel_def_pct": -36.937968098609986
}