{
  "team_xgs": 13.592568207376148,
  "other_xgs": 0.4209181939340956,
  "team_goals": 18,
  "other_goals": 0,
  "team_attempts": 135,
  "other_attempts": 14,
  "team_seconds": 6485.0,
  "other_seconds": 6485.0,
  "team_xg_per60": 7.545604556137877,
  "other_xg_per60": 0.23366314543758585,
  "n_games": 25,
  "game_ongoing": false,
  "time_remaining": null,
  "off_percentile": 37.5,
  "def_percentile": 96.875,
  "home_goals": 18,
  "away_goals": 0,
  "home_xg": 13.592568207376148,
  "away_xg": 0.4209181939340956,
  "home_attempts": 135,
  "away_attempts": 14,
  "have_xg": true,
  "home_shot_pct": 90.60402684563758,
  "away_shot_pct": 9.395973154362416,
  "rel_off_pct": -9.196715703266635,
  "rel_def_pct": -71.53033645571665
}