{
  "team_xgs": 27.93143353235994,
  "other_xgs": 1.866389837812198,
  "team_goals": 20,
  "other_goals": 1,
  "team_attempts": 297,
  "other_attempts": 24,
  "team_seconds": 11088.0,
  "other_seconds": 11088.0,
  "team_xg_per60": 9.068647250766213,
  "other_xg_per60": 0.6059707265624019,
  "n_games": 27,
  "game_ongoing": false,
  "time_remaining": null,
  "off_percentile": 78.125,
  "def_percentile": 75.0,
  "home_goals": 20,
  "away_goals": 1,
  "home_xg": 27.93143353235994,
  "away_xg": 1.866389837812198,
  "home_attempts": 297,
  "away_attempts": 24,
  "have_xg": true,
  "home_shot_pct": 92.5233644859813,
  "away_shot_pct": 7.4766355140186915,
  "rel_off_pct": 10.63617108460825,
  "rel_def_pct": -26.363630828865958
}