{
  "team_xgs": 17.63904489632533,
  "other_xgs": 2.0297913621121624,
  "team_goals": 9,
  "other_goals": 3,
  "team_attempts": 197,
  "other_attempts": 24,
  "team_seconds": 7317.0,
  "other_seconds": 7317.0,
  "team_xg_per60": 8.678496873960801,
  "other_xg_per60": 0.9986673368325522,
  "n_games": 27,
  "game_ongoing": false,
  "time_remaining": null,
  "off_percentile": 68.75,
  "def_percentile": 28.125,
  "home_goals": 9,
  "away_goals": 3,
  "home_xg": 17.63904489632533,
  "away_xg": 2.0297913621121624,
  "home_attempts": 197,
  "away_attempts": 24,
  "have_xg": true,
  "home_shot_pct": 89.14027149321267,
  "away_shot_pct": 10.85972850678733,
  "rel_off_pct": 6.398776856871077,
  "rel_def_pct": 21.769387257278638
}