{
  "team_xgs": 18.407483422457695,
  "other_xgs": 1.4955202723453196,
  "team_goals": 16,
  "other_goals": 2,
  "team_attempts": 189,
  "other_attempts": 26,
  "team_seconds": 8102.0,
  "other_seconds": 8102.0,
  "team_xg_per60": 8.179084216347531,
  "other_xg_per60": 0.6645115996597323,
  "n_games": 25,
  "game_ongoing": false,
  "time_remaining": null,
  "off_percentile": 59.375,
  "def_percentile": 56.25,
  "home_goals": 16,
  "away_goals": 2,
  "home_xg": 18.407483422457695,
  "away_xg": 1.4955202723453196,
  "home_attempts": 189,
  "away_attempts": 26,
  "have_xg": true,
  "home_shot_pct": 87.90697674418605,
  "away_shot_pct": 12.093023255813954,
  "rel_off_pct": 0.2274115975604695,
  "rel_def_pct": -19.116893181008628
}