{
  "team_xgs": 19.707549569191606,
  "other_xgs": 0.9252353830080232,
  "team_goals": 15,
  "other_goals": 0,
  "team_attempts": 226,
  "other_attempts": 21,
  "team_seconds": 8685.0,
  "other_seconds": 8685.0,
  "team_xg_per60": 8.168932463913618,
  "other_xg_per60": 0.38351725720539825,
  "n_games": 29,
  "game_ongoing": false,
  "time_remaining": null,
  "off_percentile": 56.25,
  "def_percentile": 90.625,
  "home_goals": 15,
  "away_goals": 0,
  "home_xg": 19.707549569191606,
  "away_xg": 0.9252353830080232,
  "home_attempts": 226,
  "away_attempts": 21,
  "have_xg": true,
  "home_shot_pct": 91.49797570850203,
  "away_shot_pct": 8.502024291497976,
  "rel_off_pct": 0.009324374803655966,
  "rel_def_pct": -53.251821153868875
}