{
  "team_xgs": 23.927575104356087,
  "other_xgs": 2.8217561445881474,
  "team_goals": 22,
  "other_goals": 2,
  "team_attempts": 245,
  "other_attempts": 32,
  "team_seconds": 9010.0,
  "other_seconds": 9010.0,
  "team_xg_per60": 9.560407366890335,
  "other_xg_per60": 1.127449735906474,
  "n_games": 29,
  "game_ongoing": false,
  "time_remaining": null,
  "off_percentile": 87.5,
  "def_percentile": 15.625,
  "home_goals": 22,
  "away_goals": 2,
  "home_xg": 23.927575104356087,
  "away_xg": 2.8217561445881474,
  "home_attempts": 245,
  "away_attempts": 32,
  "have_xg": true,
  "home_shot_pct": 88.4476534296029,
  "away_shot_pct": 11.552346570397113,
  "rel_off_pct": 17.15847302389329,
  "rel_def_pct": 34.03454462054288
}