{
  "team_xgs": 19.02574123062783,
  "other_xgs": 1.6106680168399916,
  "team_goals": 16,
  "other_goals": 1,
  "team_attempts": 230,
  "other_attempts": 29,
  "team_seconds": 8804.0,
  "other_seconds": 8804.0,
  "team_xg_per60": 7.7797215391027015,
  "other_xg_per60": 0.6586102749459303,
  "n_games": 28,
  "game_ongoing": false,
  "time_remaining": null,
  "off_percentile": 46.875,
  "def_percentile": 59.375,
  "home_goals": 16,
  "away_goals": 1,
  "home_xg": 19.02574123062783,
  "away_xg": 1.6106680168399916,
  "home_attempts": 230,
  "away_attempts": 29,
  "have_xg": true,
  "home_shot_pct": 88.8030888030888,
  "away_shot_pct": 11.196911196911197,
  "rel_off_pct": -4.900949517392183,
  "rel_def_pct": -20.037722600196382
}