{
  "team_xgs": 16.667201364150877,
  "other_xgs": 1.929132413443913,
  "team_goals": 18,
  "other_goals": 1,
  "team_attempts": 201,
  "other_attempts": 22,
  "team_seconds": 8546.0,
  "other_seconds": 8546.0,
  "team_xg_per60": 7.0210536989168215,
  "other_xg_per60": 0.8126464648254255,
  "n_games": 29,
  "game_ongoing": false,
  "time_remaining": null,
  "off_percentile": 15.625,
  "def_percentile": 50.0,
  "home_goals": 18,
  "away_goals": 1,
  "home_xg": 16.667201364150877,
  "away_xg": 1.929132413443913,
  "home_attempts": 201,
  "away_attempts": 22,
  "have_xg": true,
  "home_shot_pct": 90.13452914798206,
  "away_shot_pct": 9.865470852017937,
  "rel_off_pct": -13.981163401814156,
  "rel_def_pct": -1.1825687759514103
}