{
  "team_xgs": 24.121382759033466,
  "other_xgs": 2.758706631458651,
  "team_goals": 14,
  "other_goals": 4,
  "team_attempts": 263,
  "other_attempts": 31,
  "team_seconds": 9343.0,
  "other_seconds": 9343.0,
  "team_xg_per60": 9.294335645137588,
  "other_xg_per60": 1.0629716229531354,
  "n_games": 29,
  "game_ongoing": false,
  "time_remaining": null,
  "off_percentile": 81.25,
  "def_percentile": 21.875,
  "home_goals": 14,
  "away_goals": 4,
  "home_xg": 24.121382759033466,
  "away_xg": 2.758706631458651,
  "home_attempts": 263,
  "away_attempts": 31,
  "have_xg": true,
  "home_shot_pct": 89.45578231292517,
  "away_shot_pct": 10.54421768707483,
  "rel_off_pct": 13.957741707060112,
  "rel_def_pct": 28.954528419005293
}