{
  "team_xgs": 15.340784468763136,
  "other_xgs": 1.4296676366978636,
  "team_goals": 13,
  "other_goals": 3,
  "team_attempts": 189,
  "other_attempts": 27,
  "team_seconds": 8103.0,
  "other_seconds": 8103.0,
  "team_xg_per60": 6.815602133474921,
  "other_xg_per60": 0.6351725894251893,
  "n_games": 30,
  "game_ongoing": false,
  "time_remaining": null,
  "off_percentile": 9.375,
  "def_percentile": 68.75,
  "home_goals": 13,
  "away_goals": 3,
  "home_xg": 15.340784468763136,
  "away_xg": 1.4296676366978636,
  "home_attempts": 189,
  "away_attempts": 27,
  "have_xg": true,
  "home_shot_pct": 87.5,
  "away_shot_pct": 12.5,
  "rel_off_pct": -16.40159615768778,
  "rel_def_pct": -22.558700208851192
}