{
  "team_xgs": 23.57091147102253,
  "other_xgs": 2.2400653398985173,
  "team_goals": 21,
  "other_goals": 4,
  "team_attempts": 255,
  "other_attempts": 32,
  "team_seconds": 9670.0,
  "other_seconds": 9670.0,
  "team_xg_per60": 8.775106648984602,
  "other_xg_per60": 0.8339436632507408,
  "n_games": 29,
  "game_ongoing": false,
  "time_remaining": null,
  "off_percentile": 71.875,
  "def_percentile": 46.875,
  "home_goals": 21,
  "away_goals": 4,
  "home_xg": 23.57091147102253,
  "away_xg": 2.2400653398985173,
  "home_attempts": 255,
  "away_attempts": 32,
  "have_xg": true,
  "home_shot_pct": 88.85017421602788,
  "away_shot_pct": 11.149825783972126,
  "rel_off_pct": 7.499137161297659,
  "rel_def_pct": 1.6112746398873394
}