{
  "team_xgs": 18.57257879861814,
  "other_xgs": 2.173765345531951,
  "team_goals": 10,
  "other_goals": 2,
  "team_attempts": 231,
  "other_attempts": 30,
  "team_seconds": 7516.0,
  "other_seconds": 7516.0,
  "team_xg_per60": 8.89585998869416,
  "other_xg_per60": 1.0411861686954529,
  "n_games": 27,
  "game_ongoing": false,
  "time_remaining": null,
  "off_percentile": 75.0,
  "def_percentile": 25.0,
  "home_goals": 10,
  "away_goals": 2,
  "home_xg": 18.57257879861814,
  "away_xg": 2.173765345531951,
  "home_attempts": 231,
  "away_attempts": 30,
  "have_xg": true,
  "home_shot_pct": 88.50574712643679,
  "away_shot_pct": 11.494252873563218,
  "rel_off_pct": 9.132632728536905,
  "rel_def_pct": 26.756466417286823
}