{
  "team_xgs": 19.599394459292256,
  "other_xgs": 1.2430174057321337,
  "team_goals": 19,
  "other_goals": 0,
  "team_attempts": 200,
  "other_attempts": 24,
  "team_seconds": 6802.0,
  "other_seconds": 6802.0,
  "team_xg_per60": 10.373099096361676,
  "other_xg_per60": 0.6578745458153016,
  "n_games": 27,
  "game_ongoing": false,
  "time_remaining": null,
  "off_percentile": 93.75,
  "def_percentile": 62.5,
  "home_goals": 19,
  "away_goals": 0,
  "home_xg": 19.599394459292256,
  "away_xg": 1.2430174057321337,
  "home_attempts": 200,
  "away_attempts": 24,
  "have_xg": true,
  "home_shot_pct": 89.28571428571429,
  "away_shot_pct": 10.714285714285714,
  "rel_off_pct": 26.808360182152157,
  "rel_def_pct": -20.16526122090064
}