{
  "team_xgs": 16.532111654086634,
  "other_xgs": 3.492653371879749,
  "team_goals": 14,
  "other_goals": 1,
  "team_attempts": 194,
  "other_attempts": 32,
  "team_seconds": 8200.0,
  "other_seconds": 8200.0,
  "team_xg_per60": 7.258000238379498,
  "other_xg_per60": 1.5333600169228168,
  "n_games": 30,
  "game_ongoing": false,
  "time_remaining": null,
  "off_percentile": 18.75,
  "def_percentile": 0.0,
  "home_goals": 14,
  "away_goals": 1,
  "home_xg": 16.532111654086634,
  "away_xg": 3.492653371879749,
  "home_attempts": 194,
  "away_attempts": 32,
  "have_xg": true,
  "home_shot_pct": 85.84070796460178,
  "away_shot_pct": 14.15929203539823,
  "rel_off_pct": -11.406611338117301,
  "rel_def_pct": 86.55243322412326
}