{
  "team_xgs": 16.886089595160605,
  "other_xgs": 1.9613336750900343,
  "team_goals": 13,
  "other_goals": 2,
  "team_attempts": 195,
  "other_attempts": 18,
  "team_seconds": 7654.0,
  "other_seconds": 7654.0,
  "team_xg_per60": 7.9422422971750954,
  "other_xg_per60": 0.9224982009830315,
  "n_games": 26,
  "game_ongoing": false,
  "time_remaining": null,
  "off_percentile": 50.0,
  "def_percentile": 34.375,
  "home_goals": 13,
  "away_goals": 2,
  "home_xg": 16.886089595160605,
  "away_xg": 1.9613336750900343,
  "home_attempts": 195,
  "away_attempts": 18,
  "have_xg": true,
  "home_shot_pct": 91.54929577464789,
  "away_shot_pct": 8.450704225352112,
  "rel_off_pct": -2.4647078741226305,
  "rel_def_pct": 11.582702809461033
}