{
  "team_xgs": 18.497520790653184,
  "other_xgs": 2.044798406414167,
  "team_goals": 19,
  "other_goals": 3,
  "team_attempts": 230,
  "other_attempts": 34,
  "team_seconds": 8079.0,
  "other_seconds": 8079.0,
  "team_xg_per60": 8.242489769321878,
  "other_xg_per60": 0.9111615624571111,
  "n_games": 30,
  "game_ongoing": false,
  "time_remaining": null,
  "off_percentile": 62.5,
  "def_percentile": 37.5,
  "home_goals": 19,
  "away_goals": 3,
  "home_xg": 18.497520790653184,
  "away_xg": 2.044798406414167,
  "home_attempts": 230,
  "away_attempts": 34,
  "have_xg": true,
  "home_shot_pct": 87.12121212121212,
  "away_shot_pct": 12.878787878787879,
  "rel_off_pct": 0.8557610785344937,
  "rel_def_pct": 10.771328546284376
}