{
  "team_xgs": 58.32283780252767,
  "other_xgs": 51.02078764567023,
  "team_goals": 57,
  "other_goals": 45,
  "team_attempts": 1131,
  "other_attempts": 1093,
  "team_seconds": 75126.0,
  "other_seconds": 75126.0,
  "team_xg_per60": 2.7948009489271306,
  "other_xg_per60": 2.444890391135064,
  "n_games": 29,
  "game_ongoing": false,
  "time_remaining": null,
  "off_percentile": 87.5,
  "def_percentile": 56.25,
  "home_goals": 57,
  "away_goals": 45,
  "home_xg": 58.32283780252767,
  "away_xg": 51.02078764567023,
  "home_attempts": 1131,
  "away_attempts": 1093,
  "have_xg": true,
  "home_shot_pct": 50.85431654676259,
  "away_shot_pct": 49.14568345323741,
  "rel_off_pct": 13.190555993804256,
  "rel_def_pct": -1.434397369227453
}