{
  "team_xgs": 50.793682250894925,
  "other_xgs": 62.05520471275079,
  "team_goals": 53,
  "other_goals": 56,
  "team_attempts": 1263,
  "other_attempts": 1393,
  "team_seconds": 83586.0,
  "other_seconds": 83586.0,
  "team_xg_per60": 2.187654105989301,
  "other_xg_per60": 2.672681273968163,
  "n_games": 31,
  "game_ongoing": false,
  "time_remaining": null,
  "off_percentile": 15.625,
  "def_percentile": 12.5,
  "home_goals": 53,
  "away_goals": 56,
  "home_xg": 50.793682250894925,
  "away_xg": 62.05520471275079,
  "home_attempts": 1263,
  "away_attempts": 1393,
  "have_xg": true,
  "home_shot_pct": 47.5527108433735,
  "away_shot_pct": 52.4472891566265,
  "rel_off_pct": -11.893864964994991,
  "rel_def_pct": 8.066953125714823
}