{
  "team_xgs": 45.328689618794805,
  "other_xgs": 49.704590010244445,
  "team_goals": 51,
  "other_goals": 53,
  "team_attempts": 1024,
  "other_attempts": 1167,
  "team_seconds": 72602.0,
  "other_seconds": 72602.0,
  "team_xg_per60": 2.2476416989567958,
  "other_xg_per60": 2.464622517794,
  "n_games": 27,
  "game_ongoing": false,
  "time_remaining": null,
  "off_percentile": 25.0,
  "def_percentile": 46.875,
  "home_goals": 51,
  "away_goals": 53,
  "home_xg": 45.328689618794805,
  "away_xg": 49.704590010244445,
  "home_attempts": 1024,
  "away_attempts": 1167,
  "have_xg": true,
  "home_shot_pct": 46.73664993153811,
  "away_shot_pct": 53.26335006846189,
  "rel_off_pct": -8.777744111538738,
  "rel_def_pct": -0.44691562734300355
}