{
  "team_xgs": 56.526169021879014,
  "other_xgs": 45.9497619310097,
  "team_goals": 47,
  "other_goals": 51,
  "team_attempts": 1180,
  "other_attempts": 1062,
  "team_seconds": 72211.0,
  "other_seconds": 72211.0,
  "team_xg_per60": 2.818049999013508,
  "other_xg_per60": 2.290774853576808,
  "n_games": 28,
  "game_ongoing": false,
  "time_remaining": null,
  "off_percentile": 90.625,
  "def_percentile": 78.125,
  "home_goals": 47,
  "away_goals": 51,
  "home_xg": 56.526169021879014,
  "away_xg": 45.9497619310097,
  "home_attempts": 1180,
  "away_attempts": 1062,
  "have_xg": true,
  "home_shot_pct": 52.63157894736842,
  "away_shot_pct": 47.36842105263158,
  "rel_off_pct": 13.831502623864292,
  "rel_def_pct": -7.39025922124033
}