{
  "team_xgs": 65.66038318293928,
  "other_xgs": 52.27405504832425,
  "team_goals": 67,
  "other_goals": 39,
  "team_attempts": 1356,
  "other_attempts": 1210,
  "team_seconds": 82741.0,
  "other_seconds": 82741.0,
  "team_xg_per60": 2.8568349362296974,
  "other_xg_per60": 2.27440565347249,
  "n_games": 30,
  "game_ongoing": false,
  "time_remaining": null,
  "off_percentile": 93.75,
  "def_percentile": 81.25,
  "home_goals": 67,
  "away_goals": 39,
  "home_xg": 65.66038318293928,
  "away_xg": 52.27405504832425,
  "home_attempts": 1356,
  "away_attempts": 1210,
  "have_xg": true,
  "home_shot_pct": 52.84489477786438,
  "away_shot_pct": 47.15510522213562,
  "rel_off_pct": 15.630180948696967,
  "rel_def_pct": -8.053130949891395
}