{
  "team_xgs": 59.019366483483864,
  "other_xgs": 58.79254193052576,
  "team_goals": 50,
  "other_goals": 66,
  "team_attempts": 1379,
  "other_attempts": 1218,
  "team_seconds": 82064.0,
  "other_seconds": 82064.0,
  "team_xg_per60": 2.589073398086151,
  "other_xg_per60": 2.5791230131347818,
  "n_games": 30,
  "game_ongoing": false,
  "time_remaining": null,
  "off_percentile": 75.0,
  "def_percentile": 28.125,
  "home_goals": 50,
  "away_goals": 66,
  "home_xg": 59.019366483483864,
  "away_xg": 58.79254193052576,
  "home_attempts": 1379,
  "away_attempts": 1218,
  "have_xg": true,
  "home_shot_pct": 53.099730458221025,
  "away_shot_pct": 46.900269541778975,
  "rel_off_pct": 4.475544516928073,
  "rel_def_pct": 4.143287073470505
}