{
  "team_xgs": 63.02191304016036,
  "other_xgs": 55.7010805168016,
  "team_goals": 67,
  "other_goals": 61,
  "team_attempts": 1284,
  "other_attempts": 1140,
  "team_seconds": 85630.0,
  "other_seconds": 85630.0,
  "team_xg_per60": 2.649525714639464,
  "other_xg_per60": 2.3417481006713277,
  "n_games": 30,
  "game_ongoing": false,
  "time_remaining": null,
  "off_percentile": 84.375,
  "def_percentile": 68.75,
  "home_goals": 67,
  "away_goals": 61,
  "home_xg": 63.02191304016036,
  "away_xg": 55.7010805168016,
  "home_attempts": 1284,
  "away_attempts": 1140,
  "have_xg": true,
  "home_shot_pct": 52.97029702970297,
  "away_shot_pct": 47.02970297029703,
  "rel_off_pct": 7.185193258134875,
  "rel_def_pct": -5.069535633599681
}