{
  "team_xgs": 57.17936035823456,
  "other_xgs": 56.864817413512384,
  "team_goals": 50,
  "other_goals": 52,
  "team_attempts": 1190,
  "other_attempts": 1236,
  "team_seconds": 79552.0,
  "other_seconds": 79552.0,
  "team_xg_per60": 2.5875615608613787,
  "other_xg_per60": 2.573327417144064,
  "n_games": 28,
  "game_ongoing": false,
  "time_remaining": null,
  "off_percentile": 71.875,
  "def_percentile": 31.25,
  "home_goals": 50,
  "away_goals": 52,
  "home_xg": 57.17936035823456,
  "away_xg": 56.864817413512384,
  "home_attempts": 1190,
  "away_attempts": 1236,
  "have_xg": true,
  "home_shot_pct": 49.05193734542457,
  "away_shot_pct": 50.94806265457543,
  "rel_off_pct": 4.508167002788898,
  "rel_def_pct": 4.537942588352786
}