{
  "team_xgs": 55.97595253986044,
  "other_xgs": 49.67313780616943,
  "team_goals": 45,
  "other_goals": 47,
  "team_attempts": 1322,
  "other_attempts": 1175,
  "team_seconds": 82367.0,
  "other_seconds": 82367.0,
  "team_xg_per60": 2.446531124643335,
  "other_xg_per60": 2.1710551082619247,
  "n_games": 29,
  "game_ongoing": false,
  "time_remaining": null,
  "off_percentile": 50.0,
  "def_percentile": 93.75,
  "home_goals": 45,
  "away_goals": 47,
  "home_xg": 55.97595253986044,
  "away_xg": 49.67313780616943,
  "home_attempts": 1322,
  "away_attempts": 1175,
  "have_xg": true,
  "home_shot_pct": 52.94353223868642,
  "away_shot_pct": 47.05646776131358,
  "rel_off_pct": -1.808758216087423,
  "rel_def_pct": -11.936943233356413
}