{
  "team_xgs": 48.98508184264455,
  "other_xgs": 52.18967846917775,
  "team_goals": 53,
  "other_goals": 52,
  "team_attempts": 1027,
  "other_attempts": 1115,
  "team_seconds": 79050.0,
  "other_seconds": 79050.0,
  "team_xg_per60": 2.2308196664581956,
  "other_xg_per60": 2.3767595507784933,
  "n_games": 28,
  "game_ongoing": false,
  "time_remaining": null,
  "off_percentile": 21.875,
  "def_percentile": 65.625,
  "home_goals": 53,
  "away_goals": 52,
  "home_xg": 48.98508184264455,
  "away_xg": 52.18967846917775,
  "home_attempts": 1027,
  "away_attempts": 1115,
  "have_xg": true,
  "home_shot_pct": 47.945845004668534,
  "away_shot_pct": 52.054154995331466,
  "rel_off_pct": -9.682655674954765,
  "rel_def_pct": -3.626624495210691
}