{
  "team_xgs": 46.55498241718355,
  "other_xgs": 49.44112473717957,
  "team_goals": 52,
  "other_goals": 59,
  "team_attempts": 979,
  "other_attempts": 1109,
  "team_seconds": 71666.0,
  "other_seconds": 71666.0,
  "team_xg_per60": 2.3385976153526187,
  "other_xg_per60": 2.4835772758887957,
  "n_games": 27,
  "game_ongoing": false,
  "time_remaining": null,
  "off_percentile": 40.625,
  "def_percentile": 43.75,
  "home_goals": 52,
  "away_goals": 59,
  "home_xg": 46.55498241718355,
  "away_xg": 49.44112473717957,
  "home_attempts": 979,
  "away_attempts": 1109,
  "have_xg": true,
  "home_shot_pct": 46.88697318007663,
  "away_shot_pct": 53.11302681992337,
  "rel_off_pct": -5.311588431098485,
  "rel_def_pct": 0.7442515550176976
}