{
  "team_xgs": 51.311862573718024,
  "other_xgs": 61.810288115562805,
  "team_goals": 52,
  "other_goals": 66,
  "team_attempts": 1029,
  "other_attempts": 1342,
  "team_seconds": 81739.0,
  "other_seconds": 81739.0,
  "team_xg_per60": 2.259909042995203,
  "other_xg_per60": 2.7222872461863505,
  "n_games": 31,
  "game_ongoing": false,
  "time_remaining": null,
  "off_percentile": 28.125,
  "def_percentile": 9.375,
  "home_goals": 52,
  "away_goals": 66,
  "home_xg": 51.311862573718024,
  "away_xg": 61.810288115562805,
  "home_attempts": 1029,
  "away_attempts": 1342,
  "have_xg": true,
  "home_shot_pct": 43.399409531843105,
  "away_shot_pct": 56.600590468156895,
  "rel_off_pct": -8.553681559261568,
  "rel_def_pct": 10.174786658098403
}