{
  "team_xgs": 67.67170478554797,
  "other_xgs": 43.42936801705042,
  "team_goals": 60,
  "other_goals": 46,
  "team_attempts": 1442,
  "other_attempts": 941,
  "team_seconds": 75714.0,
  "other_seconds": 75714.0,
  "team_xg_per60": 3.2176101807852273,
  "other_xg_per60": 2.064951328174202,
  "n_games": 27,
  "game_ongoing": false,
  "time_remaining": null,
  "off_percentile": 100.0,
  "def_percentile": 96.875,
  "home_goals": 60,
  "away_goals": 46,
  "home_xg": 67.67170478554797,
  "away_xg": 43.42936801705042,
  "home_attempts": 1442,
  "away_attempts": 941,
  "have_xg": true,
  "home_shot_pct": 60.51195971464541,
  "away_shot_pct": 39.48804028535459,
  "rel_off_pct": 30.07248773393483,
  "rel_def_pct": -16.23380829837859
}