{
  "team_xgs": 59.99421096198989,
  "other_xgs": 56.7127384664479,
  "team_goals": 48,
  "other_goals": 46,
  "team_attempts": 1378,
  "other_attempts": 1339,
  "team_seconds": 89797.0,
  "other_seconds": 89797.0,
  "team_xg_per60": 2.4051934860091495,
  "other_xg_per60": 2.273637855153429,
  "n_games": 31,
  "game_ongoing": false,
  "time_remaining": null,
  "off_percentile": 46.875,
  "def_percentile": 84.375,
  "home_goals": 48,
  "away_goals": 46,
  "home_xg": 59.99421096198989,
  "away_xg": 56.7127384664479,
  "home_attempts": 1378,
  "away_attempts": 1339,
  "have_xg": true,
  "home_shot_pct": 50.717703349282296,
  "away_shot_pct": 49.282296650717704,
  "rel_off_pct": -2.582826913727434,
  "rel_def_pct": -8.149681979961532
}