{
  "team_xgs": 53.86367453730895,
  "other_xgs": 65.80862898851589,
  "team_goals": 43,
  "other_goals": 48,
  "team_attempts": 1213,
  "other_attempts": 1417,
  "team_seconds": 83361.0,
  "other_seconds": 83361.0,
  "team_xg_per60": 2.3261384620423486,
  "other_xg_per60": 2.8419892318789026,
  "n_games": 29,
  "game_ongoing": false,
  "time_remaining": null,
  "off_percentile": 37.5,
  "def_percentile": 3.125,
  "home_goals": 43,
  "away_goals": 48,
  "home_xg": 53.86367453730895,
  "away_xg": 65.80862898851589,
  "home_attempts": 1213,
  "away_attempts": 1417,
  "have_xg": true,
  "home_shot_pct": 46.12167300380228,
  "away_shot_pct": 53.87832699619772,
  "rel_off_pct": -5.850703403893045,
  "rel_def_pct": 14.356495607684202
}