{
  "team_xgs": 57.13358014697344,
  "other_xgs": 55.97934413182577,
  "team_goals": 60,
  "other_goals": 64,
  "team_attempts": 1217,
  "other_attempts": 1290,
  "team_seconds": 87301.0,
  "other_seconds": 87301.0,
  "team_xg_per60": 2.3559969362218576,
  "other_xg_per60": 2.3084001199822772,
  "n_games": 30,
  "game_ongoing": false,
  "time_remaining": null,
  "off_percentile": 43.75,
  "def_percentile": 75.0,
  "home_goals": 60,
  "away_goals": 64,
  "home_xg": 57.13358014697344,
  "away_xg": 55.97934413182577,
  "home_attempts": 1217,
  "away_attempts": 1290,
  "have_xg": true,
  "home_shot_pct": 48.54407658556043,
  "away_shot_pct": 51.45592341443957,
  "rel_off_pct": -4.442445444994333,
  "rel_def_pct": -6.539914716998084
}