{
  "team_xgs": 55.80418891011617,
  "other_xgs": 56.3919689890146,
  "team_goals": 50,
  "other_goals": 58,
  "team_attempts": 1230,
  "other_attempts": 1215,
  "team_seconds": 80174.0,
  "other_seconds": 80174.0,
  "team_xg_per60": 2.5057385196749347,
  "other_xg_per60": 2.5321312191041057,
  "n_games": 28,
  "game_ongoing": false,
  "time_remaining": null,
  "off_percentile": 59.375,
  "def_percentile": 37.5,
  "home_goals": 50,
  "away_goals": 58,
  "home_xg": 55.80418891011617,
  "away_xg": 56.3919689890146,
  "home_attempts": 1230,
  "away_attempts": 1215,
  "have_xg": true,
  "home_shot_pct": 50.306748466257666,
  "away_shot_pct": 49.693251533742334,
  "rel_off_pct": 0.9303757513970217,
  "rel_def_pct": 2.589630193160287
}