{
  "team_xgs": 48.37756245350909,
  "other_xgs": 60.39674464030507,
  "team_goals": 69,
  "other_goals": 65,
  "team_attempts": 1078,
  "other_attempts": 1350,
  "team_seconds": 79167.0,
  "other_seconds": 79167.0,
  "team_xg_per60": 2.199896735162792,
  "other_xg_per60": 2.7464509291131187,
  "n_games": 29,
  "game_ongoing": false,
  "time_remaining": null,
  "off_percentile": 18.75,
  "def_percentile": 6.25,
  "home_goals": 69,
  "away_goals": 65,
  "home_xg": 48.37756245350909,
  "away_xg": 60.39674464030507,
  "home_attempts": 1078,
  "away_attempts": 1350,
  "have_xg": true,
  "home_shot_pct": 44.398682042833606,
  "away_shot_pct": 55.601317957166394,
  "rel_off_pct": -10.875088278070676,
  "rel_def_pct": 11.077804913897737
}