{
  "team_xgs": 57.76105990152253,
  "other_xgs": 63.7255476519618,
  "team_goals": 62,
  "other_goals": 58,
  "team_attempts": 1330,
  "other_attempts": 1295,
  "team_seconds": 79954.0,
  "other_seconds": 79954.0,
  "team_xg_per60": 2.6007431228641607,
  "other_xg_per60": 2.86929949154592,
  "n_games": 29,
  "game_ongoing": false,
  "time_remaining": null,
  "off_percentile": 78.125,
  "def_percentile": 0.0,
  "home_goals": 62,
  "away_goals": 58,
  "home_xg": 57.76105990152253,
  "away_xg": 63.7255476519618,
  "home_attempts": 1330,
  "away_attempts": 1295,
  "have_xg": true,
  "home_shot_pct": 50.666666666666664,
  "away_shot_pct": 49.333333333333336,
  "rel_off_pct": 5.256333439282253,
  "rel_def_pct": 16.31032657281906
}