{
  "team_xgs": 45.509623215244105,
  "other_xgs": 51.23074180029476,
  "team_goals": 56,
  "other_goals": 43,
  "team_attempts": 922,
  "other_attempts": 1130,
  "team_seconds": 74928.0,
  "other_seconds": 74928.0,
  "team_xg_per60": 2.186561012904105,
  "other_xg_per60": 2.461438587458108,
  "n_games": 28,
  "game_ongoing": false,
  "time_remaining": null,
  "off_percentile": 12.5,
  "def_percentile": 53.125,
  "home_goals": 56,
  "away_goals": 43,
  "home_xg": 45.509623215244105,
  "away_xg": 51.23074180029476,
  "home_attempts": 922,
  "away_attempts": 1130,
  "have_xg": true,
  "home_shot_pct": 44.9317738791423,
  "away_shot_pct": 55.0682261208577,
  "rel_off_pct": -11.553036084506834,
  "rel_def_pct": -0.4569861140349956
}