{
  "team_xgs": 47.529460154285104,
  "other_xgs": 57.96453448345406,
  "team_goals": 58,
  "other_goals": 59,
  "team_attempts": 1090,
  "other_attempts": 1246,
  "team_seconds": 79363.0,
  "other_seconds": 79363.0,
  "team_xg_per60": 2.155992799609722,
  "other_xg_per60": 2.6293401728820056,
  "n_games": 29,
  "game_ongoing": false,
  "time_remaining": null,
  "off_percentile": 6.25,
  "def_percentile": 21.875,
  "home_goals": 58,
  "away_goals": 59,
  "home_xg": 47.529460154285104,
  "away_xg": 57.96453448345406,
  "home_attempts": 1090,
  "away_attempts": 1246,
  "have_xg": true,
  "home_shot_pct": 46.66095890410959,
  "away_shot_pct": 53.33904109589041,
  "rel_off_pct": -12.82587952789963,
  "rel_def_pct": 6.2262046639066755
}