{
  "team_xgs": 54.93166686754037,
  "other_xgs": 48.99499064870488,
  "team_goals": 52,
  "other_goals": 51,
  "team_attempts": 1283,
  "other_attempts": 1163,
  "team_seconds": 78957.0,
  "other_seconds": 78957.0,
  "team_xg_per60": 2.5045784505888693,
  "other_xg_per60": 2.233899037898319,
  "n_games": 28,
  "game_ongoing": false,
  "time_remaining": null,
  "off_percentile": 56.25,
  "def_percentile": 87.5,
  "home_goals": 52,
  "away_goals": 51,
  "home_xg": 54.93166686754037,
  "away_xg": 48.99499064870488,
  "home_attempts": 1283,
  "away_attempts": 1163,
  "have_xg": true,
  "home_shot_pct": 52.45298446443172,
  "away_shot_pct": 47.54701553556828,
  "rel_off_pct": 1.0314198808289552,
  "rel_def_pct": -9.431758931012338
}