{
  "team_xgs": 46.57170702851238,
  "other_xgs": 53.36052174656155,
  "team_goals": 49,
  "other_goals": 54,
  "team_attempts": 1025,
  "other_attempts": 1231,
  "team_seconds": 74170.0,
  "other_seconds": 74170.0,
  "team_xg_per60": 2.26045766890447,
  "other_xg_per60": 2.589967349165722,
  "n_games": 29,
  "game_ongoing": false,
  "time_remaining": null,
  "off_percentile": 31.25,
  "def_percentile": 25.0,
  "home_goals": 49,
  "away_goals": 54,
  "home_xg": 46.57170702851238,
  "away_xg": 53.36052174656155,
  "home_attempts": 1025,
  "away_attempts": 1231,
  "have_xg": true,
  "home_shot_pct": 45.434397163120565,
  "away_shot_pct": 54.565602836879435,
  "rel_off_pct": -8.758932961816706,
  "rel_def_pct": 5.028369770111025
}