{
  "season": "20252026",
  "total_left_seconds": 2543944.0,
  "total_left_xg": 1729.0497788829819,
  "xg_per60": 2.446822415893878,
  "xg_per60_right": 2.446822415893878
}