{
  "team_xgs": 52.82041658117908,
  "other_xgs": 54.200601145573486,
  "team_goals": 43,
  "other_goals": 57,
  "team_attempts": 1140,
  "other_attempts": 1004,
  "team_seconds": 73068.0,
  "other_seconds": 73068.0,
  "team_xg_per60": 2.6024182910746796,
  "other_xg_per60": 2.670418844419781,
  "n_games": 28,
  "game_ongoing": false,
  "time_remaining": null,
  "off_percentile": 81.25,
  "def_percentile": 15.625,
  "home_goals": 43,
  "away_goals": 57,
  "home_xg": 52.82041658117908,
  "away_xg": 54.200601145573486,
  "home_attempts": 1140,
  "away_attempts": 1004,
  "have_xg": true,
  "home_shot_pct": 53.17164179104478,
  "away_shot_pct": 46.82835820895522,
  "rel_off_pct": 5.56737728171713,
  "rel_def_pct": 6.774546121163152
}