{
  "team_xgs": 53.33729610238555,
  "other_xgs": 54.91011042488468,
  "team_goals": 50,
  "other_goals": 56,
  "team_attempts": 1307,
  "other_attempts": 1155,
  "team_seconds": 78146.0,
  "other_seconds": 78146.0,
  "team_xg_per60": 2.4571221299693904,
  "other_xg_per60": 2.5295779378289973,
  "n_games": 31,
  "game_ongoing": false,
  "time_remaining": null,
  "off_percentile": 53.125,
  "def_percentile": 40.625,
  "home_goals": 50,
  "away_goals": 56,
  "home_xg": 53.33729610238555,
  "away_xg": 54.91011042488468,
  "home_attempts": 1307,
  "away_attempts": 1155,
  "have_xg": true,
  "home_shot_pct": 53.086921202274574,
  "away_shot_pct": 46.913078797725426,
  "rel_off_pct": -0.7324250969578836,
  "rel_def_pct": 2.773685155768952
}