{
  "team_xgs": 55.494419520827336,
  "other_xgs": 59.61853940560819,
  "team_goals": 55,
  "other_goals": 66,
  "team_attempts": 1294,
  "other_attempts": 1263,
  "team_seconds": 87127.0,
  "other_seconds": 87127.0,
  "team_xg_per60": 2.2929735934323277,
  "other_xg_per60": 2.4633780786689483,
  "n_games": 30,
  "game_ongoing": false,
  "time_remaining": null,
  "off_percentile": 34.375,
  "def_percentile": 50.0,
  "home_goals": 55,
  "away_goals": 66,
  "home_xg": 55.494419520827336,
  "away_xg": 59.61853940560819,
  "home_attempts": 1294,
  "away_attempts": 1263,
  "have_xg": true,
  "home_shot_pct": 50.60617911615174,
  "away_shot_pct": 49.39382088384826,
  "rel_off_pct": -7.587898942423033,
  "rel_def_pct": -0.3391610350776965
}