{
  "team_xgs": 68.65456471201475,
  "other_xgs": 51.46436409047845,
  "team_goals": 72,
  "other_goals": 42,
  "team_attempts": 1429,
  "other_attempts": 1179,
  "team_seconds": 77386.0,
  "other_seconds": 77386.0,
  "team_xg_per60": 3.193813260321674,
  "other_xg_per60": 2.394124398802399,
  "n_games": 29,
  "game_ongoing": false,
  "time_remaining": null,
  "off_percentile": 96.875,
  "def_percentile": 62.5,
  "home_goals": 72,
  "away_goals": 42,
  "home_xg": 68.65456471201475,
  "away_xg": 51.46436409047845,
  "home_attempts": 1429,
  "away_attempts": 1179,
  "have_xg": true,
  "home_shot_pct": 54.79294478527607,
  "away_shot_pct": 45.20705521472393,
  "rel_off_pct": 30.003065297928423,
  "rel_def_pct": -4.370927352954654
}