{
  "team_xgs": 41.03947432402518,
  "other_xgs": 48.13066963209529,
  "team_goals": 37,
  "other_goals": 38,
  "team_attempts": 973,
  "other_attempts": 1134,
  "team_seconds": 71641.0,
  "other_seconds": 71641.0,
  "team_xg_per60": 2.062256355529524,
  "other_xg_per60": 2.418592854308888,
  "n_games": 26,
  "game_ongoing": false,
  "time_remaining": null,
  "off_percentile": 3.125,
  "def_percentile": 59.375,
  "home_goals": 37,
  "away_goals": 38,
  "home_xg": 41.03947432402518,
  "away_xg": 48.13066963209529,
  "home_attempts": 973,
  "away_attempts": 1134,
  "have_xg": true,
  "home_shot_pct": 46.179401993355484,
  "away_shot_pct": 53.820598006644516,
  "rel_off_pct": -16.59399505868561,
  "rel_def_pct": -2.2595775805512357
}