{
  "team_xgs": 59.173618645109556,
  "other_xgs": 51.06995633175857,
  "team_goals": 61,
  "other_goals": 64,
  "team_attempts": 1258,
  "other_attempts": 1151,
  "team_seconds": 84158.0,
  "other_seconds": 84158.0,
  "team_xg_per60": 2.5312510649301836,
  "other_xg_per60": 2.1846032794782535,
  "n_games": 29,
  "game_ongoing": false,
  "time_remaining": null,
  "off_percentile": 62.5,
  "def_percentile": 90.625,
  "home_goals": 61,
  "away_goals": 64,
  "home_xg": 59.173618645109556,
  "away_xg": 51.06995633175857,
  "home_attempts": 1258,
  "away_attempts": 1151,
  "have_xg": true,
  "home_shot_pct": 52.22083852220838,
  "away_shot_pct": 47.77916147779162,
  "rel_off_pct": 2.076433703609917,
  "rel_def_pct": -11.798647780336646
}