{
  "team_xgs": 50.33114983456659,
  "other_xgs": 61.09903178169066,
  "team_goals": 55,
  "other_goals": 52,
  "team_attempts": 1214,
  "other_attempts": 1254,
  "team_seconds": 82918.0,
  "other_seconds": 82918.0,
  "team_xg_per60": 2.185196693172046,
  "other_xg_per60": 2.652699225910977,
  "n_games": 29,
  "game_ongoing": false,
  "time_remaining": null,
  "off_percentile": 9.375,
  "def_percentile": 18.75,
  "home_goals": 55,
  "away_goals": 52,
  "home_xg": 50.33114983456659,
  "away_xg": 61.09903178169066,
  "home_attempts": 1214,
  "away_attempts": 1254,
  "have_xg": true,
  "home_shot_pct": 49.18962722852512,
  "away_shot_pct": 50.81037277147488,
  "rel_off_pct": -11.45624287537348,
  "rel_def_pct": 7.388870250102028
}