{
  "team_xgs": 57.05611819488364,
  "other_xgs": 56.719728264195034,
  "team_goals": 53,
  "other_goals": 58,
  "team_attempts": 1283,
  "other_attempts": 1237,
  "team_seconds": 79537.0,
  "other_seconds": 79537.0,
  "team_xg_per60": 2.5824713718342545,
  "other_xg_per60": 2.5672457064146514,
  "n_games": 28,
  "game_ongoing": false,
  "time_remaining": null,
  "off_percentile": 68.75,
  "def_percentile": 34.375,
  "home_goals": 53,
  "away_goals": 58,
  "home_xg": 57.05611819488364,
  "away_xg": 56.719728264195034,
  "home_attempts": 1283,
  "away_attempts": 1237,
  "have_xg": true,
  "home_shot_pct": 50.91269841269841,
  "away_shot_pct": 49.08730158730159,
  "rel_off_pct": 4.527511300374547,
  "rel_def_pct": 4.307869978652256
}