{
  "team_xgs": 55.76025667788641,
  "other_xgs": 50.81083571039936,
  "team_goals": 60,
  "other_goals": 65,
  "team_attempts": 1219,
  "other_attempts": 1235,
  "team_seconds": 78743.0,
  "other_seconds": 78743.0,
  "team_xg_per60": 2.5492669067776323,
  "other_xg_per60": 2.322987548828946,
  "n_games": 29,
  "game_ongoing": false,
  "time_remaining": null,
  "off_percentile": 65.625,
  "def_percentile": 71.875,
  "home_goals": 60,
  "away_goals": 65,
  "home_xg": 55.76025667788641,
  "away_xg": 50.81083571039936,
  "home_attempts": 1219,
  "away_attempts": 1235,
  "have_xg": true,
  "home_shot_pct": 49.67400162999185,
  "away_shot_pct": 50.32599837000815,
  "rel_off_pct": 3.0926991818126104,
  "rel_def_pct": -6.378730416734698
}