{
  "team_xgs": 57.80512300316836,
  "other_xgs": 67.51320006734565,
  "team_goals": 43,
  "other_goals": 48,
  "team_attempts": 1219,
  "other_attempts": 1424,
  "team_seconds": 83961.0,
  "other_seconds": 83961.0,
  "team_xg_per60": 2.478513152670956,
  "other_xg_per60": 2.894766858927887,
  "n_games": 29,
  "game_ongoing": false,
  "time_remaining": null,
  "off_percentile": 34.375,
  "def_percentile": 9.375,
  "home_goals": 43,
  "away_goals": 48,
  "home_xg": 57.80512300316836,
  "away_xg": 67.51320006734565,
  "home_attempts": 1219,
  "away_attempts": 1424,
  "have_xg": true,
  "home_shot_pct": 46.121831252364736,
  "away_shot_pct": 53.878168747635264,
  "rel_off_pct": -5.192281530521433,
  "rel_def_pct": 10.857386520779801
}