{
  "team_xgs": 69.28879038230734,
  "other_xgs": 58.11695116130471,
  "team_goals": 72,
  "other_goals": 41,
  "team_attempts": 1385,
  "other_attempts": 1244,
  "team_seconds": 84917.0,
  "other_seconds": 84917.0,
  "team_xg_per60": 2.937452399122748,
  "other_xg_per60": 2.463829671098802,
  "n_games": 30,
  "game_ongoing": false,
  "time_remaining": null,
  "off_percentile": 93.75,
  "def_percentile": 65.625,
  "home_goals": 72,
  "away_goals": 41,
  "home_xg": 69.28879038230734,
  "away_xg": 58.11695116130471,
  "home_attempts": 1385,
  "away_attempts": 1244,
  "have_xg": true,
  "home_shot_pct": 52.68162799543553,
  "away_shot_pct": 47.31837200456447,
  "rel_off_pct": 12.681705066970043,
  "rel_def_pct": -5.40362144134251
}