{
  "team_xgs": 49.13759928816857,
  "other_xgs": 52.38798700175449,
  "team_goals": 58,
  "other_goals": 44,
  "team_attempts": 944,
  "other_attempts": 1160,
  "team_seconds": 76968.0,
  "other_seconds": 76968.0,
  "team_xg_per60": 2.298297440980756,
  "other_xg_per60": 2.450326800830425,
  "n_games": 28,
  "game_ongoing": false,
  "time_remaining": null,
  "off_percentile": 9.375,
  "def_percentile": 71.875,
  "home_goals": 58,
  "away_goals": 44,
  "home_xg": 49.13759928816857,
  "away_xg": 52.38798700175449,
  "home_attempts": 944,
  "away_attempts": 1160,
  "have_xg": true,
  "home_shot_pct": 44.866920152091254,
  "away_shot_pct": 55.133079847908746,
  "rel_off_pct": -11.624493302768483,
  "rel_def_pct": -6.206933164371451
}