{
  "team_xgs": 68.07946123937673,
  "other_xgs": 46.40392496667666,
  "team_goals": 60,
  "other_goals": 48,
  "team_attempts": 1462,
  "other_attempts": 964,
  "team_seconds": 77018.0,
  "other_seconds": 77018.0,
  "team_xg_per60": 3.1821919611228053,
  "other_xg_per60": 2.1690271089879767,
  "n_games": 27,
  "game_ongoing": false,
  "time_remaining": null,
  "off_percentile": 100.0,
  "def_percentile": 96.875,
  "home_goals": 60,
  "away_goals": 48,
  "home_xg": 68.07946123937673,
  "away_xg": 46.40392496667666,
  "home_attempts": 1462,
  "away_attempts": 964,
  "have_xg": true,
  "home_shot_pct": 60.263808738664466,
  "away_shot_pct": 39.736191261335534,
  "rel_off_pct": 21.80417622462902,
  "rel_def_pct": -17.324790472599577
}