{
  "team_xgs": 66.49869938056227,
  "other_xgs": 63.610607903611594,
  "team_goals": 53,
  "other_goals": 67,
  "team_attempts": 1430,
  "other_attempts": 1253,
  "team_seconds": 84602.0,
  "other_seconds": 84602.0,
  "team_xg_per60": 2.8296649933810567,
  "other_xg_per60": 2.7067703890333767,
  "n_games": 30,
  "game_ongoing": false,
  "time_remaining": null,
  "off_percentile": 90.625,
  "def_percentile": 37.5,
  "home_goals": 53,
  "away_goals": 67,
  "home_xg": 66.49869938056227,
  "away_xg": 63.610607903611594,
  "home_attempts": 1430,
  "away_attempts": 1253,
  "have_xg": true,
  "home_shot_pct": 53.29854640327991,
  "away_shot_pct": 46.70145359672009,
  "rel_off_pct": 8.427280658914313,
  "rel_def_pct": 4.155848560957898
}