{
  "team_xgs": 54.51198738859877,
  "other_xgs": 67.69584769631832,
  "team_goals": 53,
  "other_goals": 58,
  "team_attempts": 1143,
  "other_attempts": 1342,
  "team_seconds": 81260.0,
  "other_seconds": 81260.0,
  "team_xg_per60": 2.4150031331399897,
  "other_xg_per60": 2.999077672984814,
  "n_games": 29,
  "game_ongoing": false,
  "time_remaining": null,
  "off_percentile": 25.0,
  "def_percentile": 0.0,
  "home_goals": 53,
  "away_goals": 58,
  "home_xg": 54.51198738859877,
  "away_xg": 67.69584769631832,
  "home_attempts": 1143,
  "away_attempts": 1342,
  "have_xg": true,
  "home_shot_pct": 45.99597585513079,
  "away_shot_pct": 54.00402414486921,
  "rel_off_pct": -7.596320801224546,
  "rel_def_pct": 15.203755557641744
}