{
  "team_xgs": 60.54001077783826,
  "other_xgs": 54.534730502856746,
  "team_goals": 45,
  "other_goals": 47,
  "team_attempts": 1322,
  "other_attempts": 1175,
  "team_seconds": 82367.0,
  "other_seconds": 82367.0,
  "team_xg_per60": 2.646011616305289,
  "other_xg_per60": 2.3835398862443005,
  "n_games": 29,
  "game_ongoing": false,
  "time_remaining": null,
  "off_percentile": 56.25,
  "def_percentile": 84.375,
  "home_goals": 45,
  "away_goals": 47,
  "home_xg": 60.54001077783826,
  "away_xg": 54.534730502856746,
  "home_attempts": 1322,
  "away_attempts": 1175,
  "have_xg": true,
  "home_shot_pct": 52.94353223868642,
  "away_shot_pct": 47.05646776131358,
  "rel_off_pct": 1.4795912976187569,
  "rel_def_pct": -8.797602889966104
}