{
  "team_xgs": 48.451339873541215,
  "other_xgs": 56.13781848355972,
  "team_goals": 53,
  "other_goals": 61,
  "team_attempts": 1014,
  "other_attempts": 1147,
  "team_seconds": 74054.0,
  "other_seconds": 74054.0,
  "team_xg_per60": 2.355373424052021,
  "other_xg_per60": 2.729037547476368,
  "n_games": 27,
  "game_ongoing": false,
  "time_remaining": null,
  "off_percentile": 21.875,
  "def_percentile": 31.25,
  "home_goals": 53,
  "away_goals": 61,
  "home_xg": 48.451339873541215,
  "away_xg": 56.13781848355972,
  "home_attempts": 1014,
  "away_attempts": 1147,
  "have_xg": true,
  "home_shot_pct": 46.92272096251735,
  "away_shot_pct": 53.07727903748265,
  "rel_off_pct": -10.075515460308319,
  "rel_def_pct": 4.821908090271431
}