{
  "team_xgs": 56.08508714218574,
  "other_xgs": 70.31202363760522,
  "team_goals": 55,
  "other_goals": 59,
  "team_attempts": 1296,
  "other_attempts": 1442,
  "team_seconds": 85768.0,
  "other_seconds": 85768.0,
  "team_xg_per60": 2.354098424958827,
  "other_xg_per60": 2.9512555393081197,
  "n_games": 31,
  "game_ongoing": false,
  "time_remaining": null,
  "off_percentile": 18.75,
  "def_percentile": 6.25,
  "home_goals": 55,
  "away_goals": 59,
  "home_xg": 56.08508714218574,
  "away_xg": 70.31202363760522,
  "home_attempts": 1296,
  "away_attempts": 1442,
  "have_xg": true,
  "home_shot_pct": 47.33382030679328,
  "away_shot_pct": 52.66617969320672,
  "rel_off_pct": -10.269000849941214,
  "rel_def_pct": 13.199202868074611
}