{
  "team_xgs": 64.60234659804593,
  "other_xgs": 59.353372634094455,
  "team_goals": 67,
  "other_goals": 63,
  "team_attempts": 1300,
  "other_attempts": 1153,
  "team_seconds": 86449.0,
  "other_seconds": 86449.0,
  "team_xg_per60": 2.690238727492109,
  "other_xg_per60": 2.4716554440507124,
  "n_games": 30,
  "game_ongoing": false,
  "time_remaining": null,
  "off_percentile": 59.375,
  "def_percentile": 59.375,
  "home_goals": 67,
  "away_goals": 63,
  "home_xg": 64.60234659804593,
  "away_xg": 59.353372634094455,
  "home_attempts": 1300,
  "away_attempts": 1153,
  "have_xg": true,
  "home_shot_pct": 52.996331023236856,
  "away_shot_pct": 47.003668976763144,
  "rel_off_pct": 2.6595413625259945,
  "rel_def_pct": -5.343770921271357
}