{
  "team_xgs": 56.837181966181845,
  "other_xgs": 65.97275276945653,
  "team_goals": 55,
  "other_goals": 52,
  "team_attempts": 1214,
  "other_attempts": 1254,
  "team_seconds": 82918.0,
  "other_seconds": 82918.0,
  "team_xg_per60": 2.467665103816477,
  "other_xg_per60": 2.8642985837820922,
  "n_games": 29,
  "game_ongoing": false,
  "time_remaining": null,
  "off_percentile": 31.25,
  "def_percentile": 12.5,
  "home_goals": 55,
  "away_goals": 52,
  "home_xg": 56.837181966181845,
  "away_xg": 65.97275276945653,
  "home_attempts": 1214,
  "away_attempts": 1254,
  "have_xg": true,
  "home_shot_pct": 49.18962722852512,
  "away_shot_pct": 50.81037277147488,
  "rel_off_pct": -5.430601100021018,
  "rel_def_pct": 9.48920183058811
}