{
  "team_xgs": 60.98379423604689,
  "other_xgs": 55.04918155562551,
  "team_goals": 61,
  "other_goals": 64,
  "team_attempts": 1258,
  "other_attempts": 1151,
  "team_seconds": 84158.0,
  "other_seconds": 84158.0,
  "team_xg_per60": 2.6086843704670835,
  "other_xg_per60": 2.354821331308394,
  "n_games": 29,
  "game_ongoing": false,
  "time_remaining": null,
  "off_percentile": 46.875,
  "def_percentile": 87.5,
  "home_goals": 61,
  "away_goals": 64,
  "home_xg": 60.98379423604689,
  "away_xg": 55.04918155562551,
  "home_attempts": 1258,
  "away_attempts": 1151,
  "have_xg": true,
  "home_shot_pct": 52.22083852220838,
  "away_shot_pct": 47.77916147779162,
  "rel_off_pct": -0.04980420006741465,
  "rel_def_pct": -9.803958544097108
}