{
  "team_xgs": 62.63867127977977,
  "other_xgs": 64.95946647480518,
  "team_goals": 56,
  "other_goals": 67,
  "team_attempts": 1319,
  "other_attempts": 1273,
  "team_seconds": 88384.0,
  "other_seconds": 88384.0,
  "team_xg_per60": 2.5513578997013844,
  "other_xg_per60": 2.645887030563209,
  "n_games": 30,
  "game_ongoing": false,
  "time_remaining": null,
  "off_percentile": 43.75,
  "def_percentile": 40.625,
  "home_goals": 56,
  "away_goals": 67,
  "home_xg": 62.63867127977977,
  "away_xg": 64.95946647480518,
  "home_attempts": 1319,
  "away_attempts": 1273,
  "have_xg": true,
  "home_shot_pct": 50.88734567901235,
  "away_shot_pct": 49.11265432098765,
  "rel_off_pct": -2.195713282989422,
  "rel_def_pct": 1.1779047341226778
}