{
  "team_xgs": 61.78473473564033,
  "other_xgs": 64.23600652797248,
  "team_goals": 51,
  "other_goals": 53,
  "team_attempts": 1208,
  "other_attempts": 1264,
  "team_seconds": 81101.0,
  "other_seconds": 81101.0,
  "team_xg_per60": 2.742568464609625,
  "other_xg_per60": 2.8513782012638678,
  "n_games": 28,
  "game_ongoing": false,
  "time_remaining": null,
  "off_percentile": 68.75,
  "def_percentile": 18.75,
  "home_goals": 51,
  "away_goals": 53,
  "home_xg": 61.78473473564033,
  "away_xg": 64.23600652797248,
  "home_attempts": 1208,
  "away_attempts": 1264,
  "have_xg": true,
  "home_shot_pct": 48.86731391585761,
  "away_shot_pct": 51.13268608414239,
  "rel_off_pct": 5.230124771451007,
  "rel_def_pct": 9.696416514002655
}