{
  "team_xgs": 51.699783102656625,
  "other_xgs": 55.00360730340761,
  "team_goals": 54,
  "other_goals": 54,
  "team_attempts": 1052,
  "other_attempts": 1131,
  "team_seconds": 80610.0,
  "other_seconds": 80610.0,
  "team_xg_per60": 2.3088849915589114,
  "other_xg_per60": 2.4564320343911104,
  "n_games": 28,
  "game_ongoing": false,
  "time_remaining": null,
  "off_percentile": 15.625,
  "def_percentile": 68.75,
  "home_goals": 54,
  "away_goals": 54,
  "home_xg": 51.699783102656625,
  "away_xg": 55.00360730340761,
  "home_attempts": 1052,
  "away_attempts": 1131,
  "have_xg": true,
  "home_shot_pct": 48.19056344480073,
  "away_shot_pct": 51.80943655519927,
  "rel_off_pct": -11.752688481345407,
  "rel_def_pct": -5.989712025621035
}