{
  "team_xgs": 54.17857913705055,
  "other_xgs": 65.842535466864,
  "team_goals": 55,
  "other_goals": 68,
  "team_attempts": 1072,
  "other_attempts": 1382,
  "team_seconds": 84486.0,
  "other_seconds": 84486.0,
  "team_xg_per60": 2.3085823082331034,
  "other_xg_per60": 2.805590602948541,
  "n_games": 31,
  "game_ongoing": false,
  "time_remaining": null,
  "off_percentile": 12.5,
  "def_percentile": 21.875,
  "home_goals": 55,
  "away_goals": 68,
  "home_xg": 54.17857913705055,
  "away_xg": 65.842535466864,
  "home_attempts": 1072,
  "away_attempts": 1382,
  "have_xg": true,
  "home_shot_pct": 43.68378158109209,
  "away_shot_pct": 56.31621841890791,
  "rel_off_pct": -11.63427795979593,
  "rel_def_pct": 7.717436894614223
}