{
  "team_xgs": 61.294800465950274,
  "other_xgs": 67.16744217092588,
  "team_goals": 62,
  "other_goals": 59,
  "team_attempts": 1342,
  "other_attempts": 1311,
  "team_seconds": 80782.0,
  "other_seconds": 80782.0,
  "team_xg_per60": 2.731564973353234,
  "other_xg_per60": 2.993275628423822,
  "n_games": 29,
  "game_ongoing": false,
  "time_remaining": null,
  "off_percentile": 62.5,
  "def_percentile": 3.125,
  "home_goals": 62,
  "away_goals": 59,
  "home_xg": 61.294800465950274,
  "away_xg": 67.16744217092588,
  "home_attempts": 1342,
  "away_attempts": 1311,
  "have_xg": true,
  "home_shot_pct": 50.58424425179042,
  "away_shot_pct": 49.41575574820958,
  "rel_off_pct": 4.355735740587649,
  "rel_def_pct": 15.047443967640906
}