{
  "team_xgs": 63.973698081667685,
  "other_xgs": 60.791086125541135,
  "team_goals": 57,
  "other_goals": 60,
  "team_attempts": 1350,
  "other_attempts": 1293,
  "team_seconds": 83108.0,
  "other_seconds": 83108.0,
  "team_xg_per60": 2.7711569655629265,
  "other_xg_per60": 2.6332953512531656,
  "n_games": 28,
  "game_ongoing": false,
  "time_remaining": null,
  "off_percentile": 84.375,
  "def_percentile": 43.75,
  "home_goals": 57,
  "away_goals": 60,
  "home_xg": 63.973698081667685,
  "away_xg": 60.791086125541135,
  "home_attempts": 1350,
  "away_attempts": 1293,
  "have_xg": true,
  "home_shot_pct": 51.0783200908059,
  "away_shot_pct": 48.9216799091941,
  "rel_off_pct": 5.734015496820809,
  "rel_def_pct": 1.3674058542533096
}