{
  "team_xgs": 57.711467395421295,
  "other_xgs": 62.117425321218285,
  "team_goals": 51,
  "other_goals": 61,
  "team_attempts": 1270,
  "other_attempts": 1260,
  "team_seconds": 82603.0,
  "other_seconds": 82603.0,
  "team_xg_per60": 2.5151784151122434,
  "other_xg_per60": 2.707198662958801,
  "n_games": 28,
  "game_ongoing": false,
  "time_remaining": null,
  "off_percentile": 40.625,
  "def_percentile": 34.375,
  "home_goals": 51,
  "away_goals": 61,
  "home_xg": 57.711467395421295,
  "away_xg": 62.117425321218285,
  "home_attempts": 1270,
  "away_attempts": 1260,
  "have_xg": true,
  "home_shot_pct": 50.19762845849802,
  "away_shot_pct": 49.80237154150198,
  "rel_off_pct": -3.895366867993518,
  "rel_def_pct": 4.217141219286625
}