{
  "team_xgs": 63.55990426934568,
  "other_xgs": 58.18802498211525,
  "team_goals": 52,
  "other_goals": 62,
  "team_attempts": 1379,
  "other_attempts": 1238,
  "team_seconds": 83477.0,
  "other_seconds": 83477.0,
  "team_xg_per60": 2.7410622730769485,
  "other_xg_per60": 2.5093964796963824,
  "n_games": 31,
  "game_ongoing": false,
  "time_remaining": null,
  "off_percentile": 65.625,
  "def_percentile": 56.25,
  "home_goals": 52,
  "away_goals": 62,
  "home_xg": 63.55990426934568,
  "away_xg": 58.18802498211525,
  "home_attempts": 1379,
  "away_attempts": 1238,
  "have_xg": true,
  "home_shot_pct": 52.6939243408483,
  "away_shot_pct": 47.3060756591517,
  "rel_off_pct": 4.462245659127379,
  "rel_def_pct": -3.743125414842662
}