{
  "team_xgs": 51.248714375923036,
  "other_xgs": 57.124425296784054,
  "team_goals": 52,
  "other_goals": 54,
  "team_attempts": 1034,
  "other_attempts": 1185,
  "team_seconds": 73747.0,
  "other_seconds": 73747.0,
  "team_xg_per60": 2.5017339248148796,
  "other_xg_per60": 2.7885599559090215,
  "n_games": 27,
  "game_ongoing": false,
  "time_remaining": null,
  "off_percentile": 37.5,
  "def_percentile": 25.0,
  "home_goals": 52,
  "away_goals": 54,
  "home_xg": 51.248714375923036,
  "away_xg": 57.124425296784054,
  "home_attempts": 1034,
  "away_attempts": 1185,
  "have_xg": true,
  "home_shot_pct": 46.59756647138351,
  "away_shot_pct": 53.40243352861649,
  "rel_off_pct": -3.9675448395894994,
  "rel_def_pct": 6.595349208237883
}