{
  "team_xgs": 59.02460675404956,
  "other_xgs": 50.057187179130366,
  "team_goals": 45,
  "other_goals": 61,
  "team_attempts": 1215,
  "other_attempts": 1045,
  "team_seconds": 77374.0,
  "other_seconds": 77374.0,
  "team_xg_per60": 2.7462530606480007,
  "other_xg_per60": 2.3290236235023305,
  "n_games": 28,
  "game_ongoing": false,
  "time_remaining": null,
  "off_percentile": 75.0,
  "def_percentile": 90.625,
  "home_goals": 45,
  "away_goals": 61,
  "home_xg": 59.02460675404956,
  "away_xg": 50.057187179130366,
  "home_attempts": 1215,
  "away_attempts": 1045,
  "have_xg": true,
  "home_shot_pct": 53.76106194690266,
  "away_shot_pct": 46.23893805309734,
  "rel_off_pct": 5.218707715657745,
  "rel_def_pct": -11.434278292249425
}