{
  "team_xgs": 44.25841369749935,
  "other_xgs": 53.81368060132975,
  "team_goals": 38,
  "other_goals": 40,
  "team_attempts": 998,
  "other_attempts": 1164,
  "team_seconds": 73641.0,
  "other_seconds": 73641.0,
  "team_xg_per60": 2.163608442457295,
  "other_xg_per60": 2.6307254133537987,
  "n_games": 26,
  "game_ongoing": false,
  "time_remaining": null,
  "off_percentile": 3.125,
  "def_percentile": 46.875,
  "home_goals": 38,
  "away_goals": 40,
  "home_xg": 44.25841369749935,
  "away_xg": 53.81368060132975,
  "home_attempts": 998,
  "away_attempts": 1164,
  "have_xg": true,
  "home_shot_pct": 46.160962072155414,
  "away_shot_pct": 53.839037927844586,
  "rel_off_pct": -17.26441899604795,
  "rel_def_pct": 0.6321065848054412
}