{
  "team_xgs": 57.29073748496802,
  "other_xgs": 50.23534198817912,
  "team_goals": 49,
  "other_goals": 53,
  "team_attempts": 1208,
  "other_attempts": 1109,
  "team_seconds": 74586.0,
  "other_seconds": 74586.0,
  "team_xg_per60": 2.7652194104240055,
  "other_xg_per60": 2.4246806526351437,
  "n_games": 28,
  "game_ongoing": false,
  "time_remaining": null,
  "off_percentile": 81.25,
  "def_percentile": 75.0,
  "home_goals": 49,
  "away_goals": 53,
  "home_xg": 57.29073748496802,
  "away_xg": 50.23534198817912,
  "home_attempts": 1208,
  "away_attempts": 1109,
  "have_xg": true,
  "home_shot_pct": 52.13638325420803,
  "away_shot_pct": 47.86361674579197,
  "rel_off_pct": 6.1605182203157645,
  "rel_def_pct": -7.895004100053228
}