{
  "team_xgs": 59.343921251923845,
  "other_xgs": 51.383117120583435,
  "team_goals": 58,
  "other_goals": 48,
  "team_attempts": 1167,
  "other_attempts": 1118,
  "team_seconds": 76907.0,
  "other_seconds": 76907.0,
  "team_xg_per60": 2.777876090692991,
  "other_xg_per60": 2.4052325748514485,
  "n_games": 29,
  "game_ongoing": false,
  "time_remaining": null,
  "off_percentile": 87.5,
  "def_percentile": 81.25,
  "home_goals": 58,
  "away_goals": 48,
  "home_xg": 59.343921251923845,
  "away_xg": 51.383117120583435,
  "home_attempts": 1167,
  "away_attempts": 1118,
  "have_xg": true,
  "home_shot_pct": 51.072210065645514,
  "away_shot_pct": 48.927789934354486,
  "rel_off_pct": 6.742180573931564,
  "rel_def_pct": -7.767739026821078
}