{
  "team_xgs": 56.017669615047886,
  "other_xgs": 65.21642156816745,
  "team_goals": 73,
  "other_goals": 66,
  "team_attempts": 1133,
  "other_attempts": 1402,
  "team_seconds": 82133.0,
  "other_seconds": 82133.0,
  "team_xg_per60": 2.455329899238703,
  "other_xg_per60": 2.8585235854699427,
  "n_games": 29,
  "game_ongoing": false,
  "time_remaining": null,
  "off_percentile": 28.125,
  "def_percentile": 15.625,
  "home_goals": 73,
  "away_goals": 66,
  "home_xg": 56.017669615047886,
  "away_xg": 65.21642156816745,
  "home_attempts": 1133,
  "away_attempts": 1402,
  "have_xg": true,
  "home_shot_pct": 44.69428007889547,
  "away_shot_pct": 55.30571992110453,
  "rel_off_pct": -6.51860936729577,
  "rel_def_pct": 9.79246633904383
}