{
  "team_xgs": 64.06449722820562,
  "other_xgs": 60.28838429149148,
  "team_goals": 60,
  "other_goals": 64,
  "team_attempts": 1228,
  "other_attempts": 1296,
  "team_seconds": 87987.0,
  "other_seconds": 87987.0,
  "team_xg_per60": 2.621207564998696,
  "other_xg_per60": 2.4667073936987207,
  "n_games": 30,
  "game_ongoing": false,
  "time_remaining": null,
  "off_percentile": 50.0,
  "def_percentile": 62.5,
  "home_goals": 60,
  "away_goals": 64,
  "home_xg": 64.06449722820562,
  "away_xg": 60.28838429149148,
  "home_attempts": 1228,
  "away_attempts": 1296,
  "have_xg": true,
  "home_shot_pct": 48.652931854199686,
  "away_shot_pct": 51.347068145800314,
  "rel_off_pct": 0.8520067115391611,
  "rel_def_pct": -6.131598013376814
}