{
  "team_xgs": 69.98879536311094,
  "other_xgs": 56.39856332636126,
  "team_goals": 75,
  "other_goals": 43,
  "team_attempts": 1458,
  "other_attempts": 1220,
  "team_seconds": 79497.0,
  "other_seconds": 79497.0,
  "team_xg_per60": 3.1694235418594334,
  "other_xg_per60": 2.5539935843478436,
  "n_games": 29,
  "game_ongoing": false,
  "time_remaining": null,
  "off_percentile": 96.875,
  "def_percentile": 50.0,
  "home_goals": 75,
  "away_goals": 43,
  "home_xg": 69.98879536311094,
  "away_xg": 56.39856332636126,
  "home_attempts": 1458,
  "away_attempts": 1220,
  "have_xg": true,
  "home_shot_pct": 54.443614637789395,
  "away_shot_pct": 45.556385362210605,
  "rel_off_pct": 21.9200609637459,
  "rel_def_pct": -2.7499658198628913
}