{
  "team_xgs": 61.61324336717181,
  "other_xgs": 56.483225582506826,
  "team_goals": 62,
  "other_goals": 67,
  "team_attempts": 1257,
  "other_attempts": 1261,
  "team_seconds": 80851.0,
  "other_seconds": 80851.0,
  "team_xg_per60": 2.743412896832674,
  "other_xg_per60": 2.514991924614718,
  "n_games": 29,
  "game_ongoing": false,
  "time_remaining": null,
  "off_percentile": 71.875,
  "def_percentile": 53.125,
  "home_goals": 62,
  "away_goals": 67,
  "home_xg": 61.61324336717181,
  "away_xg": 56.483225582506826,
  "home_attempts": 1257,
  "away_attempts": 1261,
  "have_xg": true,
  "home_shot_pct": 49.92057188244639,
  "away_shot_pct": 50.07942811755361,
  "rel_off_pct": 5.39631495741458,
  "rel_def_pct": -3.788836059624111
}