{
  "team_xgs": 50.05229706123065,
  "other_xgs": 61.95374674143439,
  "team_goals": 58,
  "other_goals": 59,
  "team_attempts": 1096,
  "other_attempts": 1257,
  "team_seconds": 80049.0,
  "other_seconds": 80049.0,
  "team_xg_per60": 2.250974645784836,
  "other_xg_per60": 2.7862120484848503,
  "n_games": 29,
  "game_ongoing": false,
  "time_remaining": null,
  "off_percentile": 6.25,
  "def_percentile": 28.125,
  "home_goals": 58,
  "away_goals": 59,
  "home_xg": 50.05229706123065,
  "away_xg": 61.95374674143439,
  "home_attempts": 1096,
  "away_attempts": 1257,
  "have_xg": true,
  "home_shot_pct": 46.57883552911177,
  "away_shot_pct": 53.42116447088823,
  "rel_off_pct": -13.570464920068268,
  "rel_def_pct": 6.968677222339922
}