{
  "team_xgs": 66.87948062390655,
  "other_xgs": 59.05744096644086,
  "team_goals": 51,
  "other_goals": 46,
  "team_attempts": 1392,
  "other_attempts": 1364,
  "team_seconds": 91548.0,
  "other_seconds": 91548.0,
  "team_xg_per60": 2.629944184974697,
  "other_xg_per60": 2.3223531642328297,
  "n_games": 31,
  "game_ongoing": false,
  "time_remaining": null,
  "off_percentile": 53.125,
  "def_percentile": 93.75,
  "home_goals": 51,
  "away_goals": 46,
  "home_xg": 66.87948062390655,
  "away_xg": 59.05744096644086,
  "home_attempts": 1392,
  "away_attempts": 1364,
  "have_xg": true,
  "home_shot_pct": 50.50798258345428,
  "away_shot_pct": 49.49201741654572,
  "rel_off_pct": 0.9019272153949648,
  "rel_def_pct": -11.540290389982754
}