{
  "team_xgs": 61.847849506276155,
  "other_xgs": 53.88775865737909,
  "team_goals": 54,
  "other_goals": 51,
  "team_attempts": 1305,
  "other_attempts": 1188,
  "team_seconds": 80559.0,
  "other_seconds": 80559.0,
  "team_xg_per60": 2.7638408895665805,
  "other_xg_per60": 2.408122384420918,
  "n_games": 28,
  "game_ongoing": false,
  "time_remaining": null,
  "off_percentile": 78.125,
  "def_percentile": 78.125,
  "home_goals": 54,
  "away_goals": 51,
  "home_xg": 61.847849506276155,
  "away_xg": 53.88775865737909,
  "home_attempts": 1305,
  "away_attempts": 1188,
  "have_xg": true,
  "home_shot_pct": 52.34657039711191,
  "away_shot_pct": 47.65342960288809,
  "rel_off_pct": 6.167926774824158,
  "rel_def_pct": -7.695665871283761
}